Date,ticker,close_price
1/2/2020,^GSPC,3257.850098
1/3/2020,^GSPC,3234.850098
1/6/2020,^GSPC,3246.280029
1/7/2020,^GSPC,3237.179932
1/8/2020,^GSPC,3253.050049
1/9/2020,^GSPC,3274.699951
1/10/2020,^GSPC,3265.350098
1/13/2020,^GSPC,3288.129883
1/14/2020,^GSPC,3283.149902
1/15/2020,^GSPC,3289.290039
1/16/2020,^GSPC,3316.810059
1/17/2020,^GSPC,3329.620117
1/21/2020,^GSPC,3320.790039
1/22/2020,^GSPC,3321.75
1/23/2020,^GSPC,3325.540039
1/24/2020,^GSPC,3295.469971
1/27/2020,^GSPC,3243.629883
1/28/2020,^GSPC,3276.23999
1/29/2020,^GSPC,3273.399902
1/30/2020,^GSPC,3283.659912
1/31/2020,^GSPC,3225.52002
2/3/2020,^GSPC,3248.919922
2/4/2020,^GSPC,3297.590088
2/5/2020,^GSPC,3334.689941
2/6/2020,^GSPC,3345.780029
2/7/2020,^GSPC,3327.709961
2/10/2020,^GSPC,3352.090088
2/11/2020,^GSPC,3357.75
2/12/2020,^GSPC,3379.449951
2/13/2020,^GSPC,3373.939941
2/14/2020,^GSPC,3380.159912
2/18/2020,^GSPC,3370.290039
2/19/2020,^GSPC,3386.149902
2/20/2020,^GSPC,3373.22998
2/21/2020,^GSPC,3337.75
2/24/2020,^GSPC,3225.889893
2/25/2020,^GSPC,3128.209961
2/26/2020,^GSPC,3116.389893
2/27/2020,^GSPC,2978.76001
2/28/2020,^GSPC,2954.219971
3/2/2020,^GSPC,3090.22998
3/3/2020,^GSPC,3003.370117
3/4/2020,^GSPC,3130.120117
3/5/2020,^GSPC,3023.939941
3/6/2020,^GSPC,2972.370117
3/9/2020,^GSPC,2746.560059
3/10/2020,^GSPC,2882.22998
3/11/2020,^GSPC,2741.379883
3/12/2020,^GSPC,2480.639893
3/13/2020,^GSPC,2711.02002
3/16/2020,^GSPC,2386.129883
3/17/2020,^GSPC,2529.189941
3/18/2020,^GSPC,2398.100098
3/19/2020,^GSPC,2409.389893
3/20/2020,^GSPC,2304.919922
3/23/2020,^GSPC,2237.399902
3/24/2020,^GSPC,2447.330078
3/25/2020,^GSPC,2475.560059
3/26/2020,^GSPC,2630.070068
3/27/2020,^GSPC,2541.469971
3/30/2020,^GSPC,2626.649902
3/31/2020,^GSPC,2584.590088
4/1/2020,^GSPC,2470.5
4/2/2020,^GSPC,2526.899902
4/3/2020,^GSPC,2488.649902
4/6/2020,^GSPC,2663.679932
4/7/2020,^GSPC,2659.409912
4/8/2020,^GSPC,2749.97998
4/9/2020,^GSPC,2789.820068
4/13/2020,^GSPC,2761.629883
4/14/2020,^GSPC,2846.060059
4/15/2020,^GSPC,2783.360107
4/16/2020,^GSPC,2799.550049
4/17/2020,^GSPC,2874.560059
4/20/2020,^GSPC,2823.159912
4/21/2020,^GSPC,2736.560059
4/22/2020,^GSPC,2799.310059
4/23/2020,^GSPC,2797.800049
4/24/2020,^GSPC,2836.73999
4/27/2020,^GSPC,2878.47998
4/28/2020,^GSPC,2863.389893
4/29/2020,^GSPC,2939.51001
4/30/2020,^GSPC,2912.429932
5/1/2020,^GSPC,2830.709961
5/4/2020,^GSPC,2842.73999
5/5/2020,^GSPC,2868.439941
5/6/2020,^GSPC,2848.419922
5/7/2020,^GSPC,2881.189941
5/8/2020,^GSPC,2929.800049
5/11/2020,^GSPC,2930.189941
5/12/2020,^GSPC,2870.120117
5/13/2020,^GSPC,2820
5/14/2020,^GSPC,2852.5
5/15/2020,^GSPC,2863.699951
5/18/2020,^GSPC,2953.909912
5/19/2020,^GSPC,2922.939941
5/20/2020,^GSPC,2971.610107
5/21/2020,^GSPC,2948.51001
5/22/2020,^GSPC,2955.449951
5/26/2020,^GSPC,2991.77002
5/27/2020,^GSPC,3036.129883
5/28/2020,^GSPC,3029.72998
5/29/2020,^GSPC,3044.310059
6/1/2020,^GSPC,3055.72998
6/2/2020,^GSPC,3080.820068
6/3/2020,^GSPC,3122.870117
6/4/2020,^GSPC,3112.350098
6/5/2020,^GSPC,3193.929932
6/8/2020,^GSPC,3232.389893
6/9/2020,^GSPC,3207.179932
6/10/2020,^GSPC,3190.139893
6/11/2020,^GSPC,3002.100098
6/12/2020,^GSPC,3041.310059
6/15/2020,^GSPC,3066.590088
6/16/2020,^GSPC,3124.73999
6/17/2020,^GSPC,3113.48999
6/18/2020,^GSPC,3115.340088
6/19/2020,^GSPC,3097.73999
6/22/2020,^GSPC,3117.860107
6/23/2020,^GSPC,3131.290039
6/24/2020,^GSPC,3050.330078
6/25/2020,^GSPC,3083.76001
6/26/2020,^GSPC,3009.050049
6/29/2020,^GSPC,3053.23999
6/30/2020,^GSPC,3100.290039
7/1/2020,^GSPC,3115.860107
7/2/2020,^GSPC,3130.01001
7/6/2020,^GSPC,3179.719971
7/7/2020,^GSPC,3145.320068
7/8/2020,^GSPC,3169.939941
7/9/2020,^GSPC,3152.050049
7/10/2020,^GSPC,3185.040039
7/13/2020,^GSPC,3155.219971
7/14/2020,^GSPC,3197.52002
7/15/2020,^GSPC,3226.560059
7/16/2020,^GSPC,3215.570068
7/17/2020,^GSPC,3224.72998
7/20/2020,^GSPC,3251.840088
7/21/2020,^GSPC,3257.300049
7/22/2020,^GSPC,3276.02002
7/23/2020,^GSPC,3235.659912
7/24/2020,^GSPC,3215.629883
7/27/2020,^GSPC,3239.409912
7/28/2020,^GSPC,3218.439941
7/29/2020,^GSPC,3258.439941
7/30/2020,^GSPC,3246.219971
7/31/2020,^GSPC,3271.120117
8/3/2020,^GSPC,3294.610107
8/4/2020,^GSPC,3306.51001
8/5/2020,^GSPC,3327.77002
8/6/2020,^GSPC,3349.159912
8/7/2020,^GSPC,3351.280029
8/10/2020,^GSPC,3360.469971
8/11/2020,^GSPC,3333.689941
8/12/2020,^GSPC,3380.350098
8/13/2020,^GSPC,3373.429932
8/14/2020,^GSPC,3372.850098
8/17/2020,^GSPC,3381.98999
8/18/2020,^GSPC,3389.780029
8/19/2020,^GSPC,3374.850098
8/20/2020,^GSPC,3385.51001
8/21/2020,^GSPC,3397.159912
8/24/2020,^GSPC,3431.280029
8/25/2020,^GSPC,3443.620117
8/26/2020,^GSPC,3478.72998
8/27/2020,^GSPC,3484.550049
8/28/2020,^GSPC,3508.01001
8/31/2020,^GSPC,3500.310059
9/1/2020,^GSPC,3526.649902
9/2/2020,^GSPC,3580.840088
9/3/2020,^GSPC,3455.060059
9/4/2020,^GSPC,3426.959961
9/8/2020,^GSPC,3331.840088
9/9/2020,^GSPC,3398.959961
9/10/2020,^GSPC,3339.189941
9/11/2020,^GSPC,3340.969971
9/14/2020,^GSPC,3383.540039
9/15/2020,^GSPC,3401.199951
9/16/2020,^GSPC,3385.48999
9/17/2020,^GSPC,3357.01001
9/18/2020,^GSPC,3319.469971
9/21/2020,^GSPC,3281.060059
9/22/2020,^GSPC,3315.570068
9/23/2020,^GSPC,3236.919922
9/24/2020,^GSPC,3246.590088
9/25/2020,^GSPC,3298.459961
9/28/2020,^GSPC,3351.600098
9/29/2020,^GSPC,3335.469971
9/30/2020,^GSPC,3363
10/1/2020,^GSPC,3380.800049
10/2/2020,^GSPC,3348.419922
10/5/2020,^GSPC,3408.600098
10/6/2020,^GSPC,3360.969971
10/7/2020,^GSPC,3419.439941
10/8/2020,^GSPC,3446.830078
10/9/2020,^GSPC,3477.139893
10/12/2020,^GSPC,3534.219971
10/13/2020,^GSPC,3511.929932
10/14/2020,^GSPC,3488.669922
10/15/2020,^GSPC,3483.340088
10/16/2020,^GSPC,3483.810059
10/19/2020,^GSPC,3426.919922
10/20/2020,^GSPC,3443.120117
10/21/2020,^GSPC,3435.560059
10/22/2020,^GSPC,3453.48999
10/23/2020,^GSPC,3465.389893
10/26/2020,^GSPC,3400.969971
10/27/2020,^GSPC,3390.679932
10/28/2020,^GSPC,3271.030029
10/29/2020,^GSPC,3310.110107
10/30/2020,^GSPC,3269.959961
11/2/2020,^GSPC,3310.23999
11/3/2020,^GSPC,3369.159912
11/4/2020,^GSPC,3443.439941
11/5/2020,^GSPC,3510.449951
11/6/2020,^GSPC,3509.439941
11/9/2020,^GSPC,3550.5
11/10/2020,^GSPC,3545.530029
11/11/2020,^GSPC,3572.659912
11/12/2020,^GSPC,3537.01001
11/13/2020,^GSPC,3585.149902
11/16/2020,^GSPC,3626.909912
11/17/2020,^GSPC,3609.530029
11/18/2020,^GSPC,3567.790039
11/19/2020,^GSPC,3581.870117
11/20/2020,^GSPC,3557.540039
11/23/2020,^GSPC,3577.590088
11/24/2020,^GSPC,3635.409912
11/25/2020,^GSPC,3629.649902
11/27/2020,^GSPC,3638.350098
11/30/2020,^GSPC,3621.629883
12/1/2020,^GSPC,3662.449951
12/2/2020,^GSPC,3669.01001
12/3/2020,^GSPC,3666.719971
12/4/2020,^GSPC,3699.120117
12/7/2020,^GSPC,3691.959961
12/8/2020,^GSPC,3702.25
12/9/2020,^GSPC,3672.820068
12/10/2020,^GSPC,3668.100098
12/11/2020,^GSPC,3663.459961
12/14/2020,^GSPC,3647.48999
12/15/2020,^GSPC,3694.620117
12/16/2020,^GSPC,3701.169922
12/17/2020,^GSPC,3722.47998
12/18/2020,^GSPC,3709.409912
12/21/2020,^GSPC,3694.919922
12/22/2020,^GSPC,3687.26001
12/23/2020,^GSPC,3690.01001
12/24/2020,^GSPC,3703.060059
12/28/2020,^GSPC,3735.360107
12/29/2020,^GSPC,3727.040039
12/30/2020,^GSPC,3732.040039
12/31/2020,^GSPC,3756.070068
1/4/2021,^GSPC,3700.649902
1/5/2021,^GSPC,3726.860107
1/6/2021,^GSPC,3748.139893
1/7/2021,^GSPC,3803.790039
1/8/2021,^GSPC,3824.679932
1/11/2021,^GSPC,3799.610107
1/12/2021,^GSPC,3801.189941
1/13/2021,^GSPC,3809.840088
1/14/2021,^GSPC,3795.540039
1/15/2021,^GSPC,3768.25
1/19/2021,^GSPC,3798.909912
1/20/2021,^GSPC,3851.850098
1/21/2021,^GSPC,3853.070068
1/22/2021,^GSPC,3841.469971
1/25/2021,^GSPC,3855.360107
1/26/2021,^GSPC,3849.620117
1/27/2021,^GSPC,3750.77002
1/28/2021,^GSPC,3787.379883
1/29/2021,^GSPC,3714.23999
2/1/2021,^GSPC,3773.860107
2/2/2021,^GSPC,3826.310059
2/3/2021,^GSPC,3830.169922
2/4/2021,^GSPC,3871.73999
2/5/2021,^GSPC,3886.830078
2/8/2021,^GSPC,3915.590088
2/9/2021,^GSPC,3911.22998
2/10/2021,^GSPC,3909.879883
2/11/2021,^GSPC,3916.379883
2/12/2021,^GSPC,3934.830078
2/16/2021,^GSPC,3932.590088
2/17/2021,^GSPC,3931.330078
2/18/2021,^GSPC,3913.969971
2/19/2021,^GSPC,3906.709961
2/22/2021,^GSPC,3876.5
2/23/2021,^GSPC,3881.370117
2/24/2021,^GSPC,3925.429932
2/25/2021,^GSPC,3829.340088
2/26/2021,^GSPC,3811.149902
3/1/2021,^GSPC,3901.820068
3/2/2021,^GSPC,3870.290039
3/3/2021,^GSPC,3819.719971
3/4/2021,^GSPC,3768.469971
3/5/2021,^GSPC,3841.939941
3/8/2021,^GSPC,3821.350098
3/9/2021,^GSPC,3875.439941
3/10/2021,^GSPC,3898.810059
3/11/2021,^GSPC,3939.340088
3/12/2021,^GSPC,3943.340088
3/15/2021,^GSPC,3968.939941
3/16/2021,^GSPC,3962.709961
3/17/2021,^GSPC,3974.120117
3/18/2021,^GSPC,3915.459961
3/19/2021,^GSPC,3913.100098
3/22/2021,^GSPC,3940.590088
3/23/2021,^GSPC,3910.52002
3/24/2021,^GSPC,3889.139893
3/25/2021,^GSPC,3909.52002
3/26/2021,^GSPC,3974.540039
3/29/2021,^GSPC,3971.090088
3/30/2021,^GSPC,3958.550049
3/31/2021,^GSPC,3972.889893
4/1/2021,^GSPC,4019.870117
4/5/2021,^GSPC,4077.909912
4/6/2021,^GSPC,4073.939941
4/7/2021,^GSPC,4079.949951
4/8/2021,^GSPC,4097.169922
4/9/2021,^GSPC,4128.799805
4/12/2021,^GSPC,4127.990234
4/13/2021,^GSPC,4141.589844
4/14/2021,^GSPC,4124.660156
4/15/2021,^GSPC,4170.419922
4/16/2021,^GSPC,4185.470215
4/19/2021,^GSPC,4163.259766
4/20/2021,^GSPC,4134.939941
4/21/2021,^GSPC,4173.419922
4/22/2021,^GSPC,4134.97998
4/23/2021,^GSPC,4180.169922
4/26/2021,^GSPC,4187.620117
4/27/2021,^GSPC,4186.720215
4/28/2021,^GSPC,4183.180176
4/29/2021,^GSPC,4211.470215
4/30/2021,^GSPC,4181.169922
5/3/2021,^GSPC,4192.660156
5/4/2021,^GSPC,4164.660156
5/5/2021,^GSPC,4167.589844
5/6/2021,^GSPC,4201.620117
5/7/2021,^GSPC,4232.600098
5/10/2021,^GSPC,4188.430176
5/11/2021,^GSPC,4152.100098
5/12/2021,^GSPC,4063.040039
5/13/2021,^GSPC,4112.5
5/14/2021,^GSPC,4173.850098
5/17/2021,^GSPC,4163.290039
5/18/2021,^GSPC,4127.830078
5/19/2021,^GSPC,4115.680176
5/20/2021,^GSPC,4159.120117
5/21/2021,^GSPC,4155.859863
5/24/2021,^GSPC,4197.049805
5/25/2021,^GSPC,4188.129883
5/26/2021,^GSPC,4195.990234
5/27/2021,^GSPC,4200.879883
5/28/2021,^GSPC,4204.109863
6/1/2021,^GSPC,4202.040039
6/2/2021,^GSPC,4208.120117
6/3/2021,^GSPC,4192.850098
6/4/2021,^GSPC,4229.890137
6/7/2021,^GSPC,4226.52002
6/8/2021,^GSPC,4227.259766
6/9/2021,^GSPC,4219.549805
6/10/2021,^GSPC,4239.180176
6/11/2021,^GSPC,4247.439941
6/14/2021,^GSPC,4255.149902
6/15/2021,^GSPC,4246.589844
6/16/2021,^GSPC,4223.700195
6/17/2021,^GSPC,4221.859863
6/18/2021,^GSPC,4166.450195
6/21/2021,^GSPC,4224.790039
6/22/2021,^GSPC,4246.439941
6/23/2021,^GSPC,4241.839844
6/24/2021,^GSPC,4266.490234
6/25/2021,^GSPC,4280.700195
6/28/2021,^GSPC,4290.609863
6/29/2021,^GSPC,4291.799805
6/30/2021,^GSPC,4297.5
7/1/2021,^GSPC,4319.939941
7/2/2021,^GSPC,4352.339844
7/6/2021,^GSPC,4343.540039
7/7/2021,^GSPC,4358.129883
7/8/2021,^GSPC,4320.819824
7/9/2021,^GSPC,4369.549805
7/12/2021,^GSPC,4384.629883
7/13/2021,^GSPC,4369.209961
7/14/2021,^GSPC,4374.299805
7/15/2021,^GSPC,4360.029785
7/16/2021,^GSPC,4327.160156
7/19/2021,^GSPC,4258.490234
7/20/2021,^GSPC,4323.060059
7/21/2021,^GSPC,4358.689941
7/22/2021,^GSPC,4367.47998
7/23/2021,^GSPC,4411.790039
7/26/2021,^GSPC,4422.299805
7/27/2021,^GSPC,4401.459961
7/28/2021,^GSPC,4400.640137
7/29/2021,^GSPC,4419.149902
7/30/2021,^GSPC,4395.259766
8/2/2021,^GSPC,4387.160156
8/3/2021,^GSPC,4423.149902
8/4/2021,^GSPC,4402.660156
8/5/2021,^GSPC,4429.100098
8/6/2021,^GSPC,4436.52002
8/9/2021,^GSPC,4432.350098
8/10/2021,^GSPC,4436.75
8/11/2021,^GSPC,4442.410156
8/12/2021,^GSPC,4460.830078
8/13/2021,^GSPC,4468
8/16/2021,^GSPC,4479.709961
8/17/2021,^GSPC,4448.080078
8/18/2021,^GSPC,4400.27002
8/19/2021,^GSPC,4405.799805
8/20/2021,^GSPC,4441.669922
8/23/2021,^GSPC,4479.529785
8/24/2021,^GSPC,4486.22998
8/25/2021,^GSPC,4496.189941
8/26/2021,^GSPC,4470
8/27/2021,^GSPC,4509.370117
8/30/2021,^GSPC,4528.790039
8/31/2021,^GSPC,4522.680176
9/1/2021,^GSPC,4524.089844
9/2/2021,^GSPC,4536.950195
9/3/2021,^GSPC,4535.430176
9/7/2021,^GSPC,4520.029785
9/8/2021,^GSPC,4514.069824
9/9/2021,^GSPC,4493.279785
9/10/2021,^GSPC,4458.580078
9/13/2021,^GSPC,4468.72998
9/14/2021,^GSPC,4443.049805
9/15/2021,^GSPC,4480.700195
9/16/2021,^GSPC,4473.75
9/17/2021,^GSPC,4432.990234
9/20/2021,^GSPC,4357.72998
9/21/2021,^GSPC,4354.189941
9/22/2021,^GSPC,4395.640137
9/23/2021,^GSPC,4448.97998
9/24/2021,^GSPC,4455.47998
9/27/2021,^GSPC,4443.109863
9/28/2021,^GSPC,4352.629883
9/29/2021,^GSPC,4359.459961
9/30/2021,^GSPC,4307.540039
10/1/2021,^GSPC,4357.040039
10/4/2021,^GSPC,4300.459961
10/5/2021,^GSPC,4345.720215
10/6/2021,^GSPC,4363.549805
10/7/2021,^GSPC,4399.759766
10/8/2021,^GSPC,4391.339844
10/11/2021,^GSPC,4361.189941
10/12/2021,^GSPC,4350.649902
10/13/2021,^GSPC,4363.799805
10/14/2021,^GSPC,4438.259766
10/15/2021,^GSPC,4471.370117
10/18/2021,^GSPC,4486.459961
10/19/2021,^GSPC,4519.629883
10/20/2021,^GSPC,4536.189941
10/21/2021,^GSPC,4549.779785
10/22/2021,^GSPC,4544.899902
10/25/2021,^GSPC,4566.47998
10/26/2021,^GSPC,4574.790039
10/27/2021,^GSPC,4551.680176
10/28/2021,^GSPC,4596.419922
10/29/2021,^GSPC,4605.379883
11/1/2021,^GSPC,4613.669922
11/2/2021,^GSPC,4630.649902
11/3/2021,^GSPC,4660.569824
11/4/2021,^GSPC,4680.060059
11/5/2021,^GSPC,4697.529785
11/8/2021,^GSPC,4701.700195
11/9/2021,^GSPC,4685.25
11/10/2021,^GSPC,4646.709961
11/11/2021,^GSPC,4649.27002
11/12/2021,^GSPC,4682.850098
11/15/2021,^GSPC,4682.799805
11/16/2021,^GSPC,4700.899902
11/17/2021,^GSPC,4688.669922
11/18/2021,^GSPC,4704.540039
11/19/2021,^GSPC,4697.959961
11/22/2021,^GSPC,4682.939941
11/23/2021,^GSPC,4690.700195
11/24/2021,^GSPC,4701.459961
11/26/2021,^GSPC,4594.620117
11/29/2021,^GSPC,4655.27002
11/30/2021,^GSPC,4567
12/1/2021,^GSPC,4513.040039
12/2/2021,^GSPC,4577.100098
12/3/2021,^GSPC,4538.430176
12/6/2021,^GSPC,4591.669922
12/7/2021,^GSPC,4686.75
12/8/2021,^GSPC,4701.209961
12/9/2021,^GSPC,4667.450195
12/10/2021,^GSPC,4712.02002
12/13/2021,^GSPC,4668.970215
12/14/2021,^GSPC,4634.089844
12/15/2021,^GSPC,4709.850098
12/16/2021,^GSPC,4668.669922
12/17/2021,^GSPC,4620.640137
12/20/2021,^GSPC,4568.02002
12/21/2021,^GSPC,4649.22998
12/22/2021,^GSPC,4696.560059
12/23/2021,^GSPC,4725.790039
12/27/2021,^GSPC,4791.189941
12/28/2021,^GSPC,4786.350098
12/29/2021,^GSPC,4793.060059
12/30/2021,^GSPC,4778.72998
12/31/2021,^GSPC,4766.180176
1/3/2022,^GSPC,4796.560059
1/4/2022,^GSPC,4793.540039
1/5/2022,^GSPC,4700.580078
1/6/2022,^GSPC,4696.049805
1/7/2022,^GSPC,4677.029785
1/10/2022,^GSPC,4670.290039
1/11/2022,^GSPC,4713.069824
1/12/2022,^GSPC,4726.350098
1/13/2022,^GSPC,4659.029785
1/14/2022,^GSPC,4662.850098
1/18/2022,^GSPC,4577.109863
1/19/2022,^GSPC,4532.759766
1/20/2022,^GSPC,4482.72998
1/21/2022,^GSPC,4397.939941
1/24/2022,^GSPC,4410.129883
1/25/2022,^GSPC,4356.450195
1/26/2022,^GSPC,4349.930176
1/27/2022,^GSPC,4326.509766
1/28/2022,^GSPC,4431.850098
1/31/2022,^GSPC,4515.549805
2/1/2022,^GSPC,4546.540039
2/2/2022,^GSPC,4589.379883
2/3/2022,^GSPC,4477.439941
2/4/2022,^GSPC,4500.529785
2/7/2022,^GSPC,4483.870117
2/8/2022,^GSPC,4521.540039
2/9/2022,^GSPC,4587.180176
2/10/2022,^GSPC,4504.080078
2/11/2022,^GSPC,4418.640137
2/14/2022,^GSPC,4401.669922
2/15/2022,^GSPC,4471.069824
2/16/2022,^GSPC,4475.009766
2/17/2022,^GSPC,4380.259766
2/18/2022,^GSPC,4348.870117
2/22/2022,^GSPC,4304.759766
2/23/2022,^GSPC,4225.5
2/24/2022,^GSPC,4288.700195
2/25/2022,^GSPC,4384.649902
2/28/2022,^GSPC,4373.939941
3/1/2022,^GSPC,4306.259766
3/2/2022,^GSPC,4386.540039
3/3/2022,^GSPC,4363.490234
3/4/2022,^GSPC,4328.870117
3/7/2022,^GSPC,4201.089844
3/8/2022,^GSPC,4170.700195
3/9/2022,^GSPC,4277.879883
3/10/2022,^GSPC,4259.52002
3/11/2022,^GSPC,4204.310059
3/14/2022,^GSPC,4173.109863
3/15/2022,^GSPC,4262.450195
3/16/2022,^GSPC,4357.859863
3/17/2022,^GSPC,4411.669922
3/18/2022,^GSPC,4463.120117
3/21/2022,^GSPC,4461.180176
3/22/2022,^GSPC,4511.609863
3/23/2022,^GSPC,4456.240234
3/24/2022,^GSPC,4520.160156
3/25/2022,^GSPC,4543.060059
3/28/2022,^GSPC,4575.52002
3/29/2022,^GSPC,4631.600098
3/30/2022,^GSPC,4602.450195
3/31/2022,^GSPC,4530.410156
4/1/2022,^GSPC,4545.859863
4/4/2022,^GSPC,4582.640137
4/5/2022,^GSPC,4525.120117
4/6/2022,^GSPC,4481.149902
4/7/2022,^GSPC,4500.209961
4/8/2022,^GSPC,4488.279785
4/11/2022,^GSPC,4412.529785
4/12/2022,^GSPC,4397.450195
4/13/2022,^GSPC,4446.589844
4/14/2022,^GSPC,4392.589844
4/18/2022,^GSPC,4391.689941
4/19/2022,^GSPC,4462.209961
4/20/2022,^GSPC,4459.450195
4/21/2022,^GSPC,4393.660156
4/22/2022,^GSPC,4271.779785
4/25/2022,^GSPC,4296.120117
4/26/2022,^GSPC,4175.200195
4/27/2022,^GSPC,4183.959961
4/28/2022,^GSPC,4287.5
4/29/2022,^GSPC,4131.930176
5/2/2022,^GSPC,4155.379883
5/3/2022,^GSPC,4175.47998
5/4/2022,^GSPC,4300.169922
5/5/2022,^GSPC,4146.870117
5/6/2022,^GSPC,4123.339844
5/9/2022,^GSPC,3991.23999
5/10/2022,^GSPC,4001.050049
5/11/2022,^GSPC,3935.179932
5/12/2022,^GSPC,3930.080078
5/13/2022,^GSPC,4023.889893
5/16/2022,^GSPC,4008.01001
5/17/2022,^GSPC,4088.850098
5/18/2022,^GSPC,3923.679932
5/19/2022,^GSPC,3900.790039
5/20/2022,^GSPC,3901.360107
5/23/2022,^GSPC,3973.75
5/24/2022,^GSPC,3941.47998
5/25/2022,^GSPC,3978.72998
5/26/2022,^GSPC,4057.840088
5/27/2022,^GSPC,4158.240234
5/31/2022,^GSPC,4132.149902
6/1/2022,^GSPC,4101.22998
6/2/2022,^GSPC,4176.819824
6/3/2022,^GSPC,4108.540039
6/6/2022,^GSPC,4121.430176
6/7/2022,^GSPC,4160.680176
6/8/2022,^GSPC,4115.77002
6/9/2022,^GSPC,4017.820068
6/10/2022,^GSPC,3900.860107
6/13/2022,^GSPC,3749.629883
6/14/2022,^GSPC,3735.47998
6/15/2022,^GSPC,3789.98999
6/16/2022,^GSPC,3666.77002
6/17/2022,^GSPC,3674.840088
6/21/2022,^GSPC,3764.790039
6/22/2022,^GSPC,3759.889893
6/23/2022,^GSPC,3795.72998
6/24/2022,^GSPC,3911.73999
6/27/2022,^GSPC,3900.110107
6/28/2022,^GSPC,3821.550049
6/29/2022,^GSPC,3818.830078
6/30/2022,^GSPC,3785.379883
7/1/2022,^GSPC,3825.330078
7/5/2022,^GSPC,3831.389893
7/6/2022,^GSPC,3845.080078
7/7/2022,^GSPC,3902.620117
7/8/2022,^GSPC,3899.379883
7/11/2022,^GSPC,3854.429932
7/12/2022,^GSPC,3818.800049
7/13/2022,^GSPC,3801.780029
7/14/2022,^GSPC,3790.379883
7/15/2022,^GSPC,3863.159912
7/18/2022,^GSPC,3830.850098
7/19/2022,^GSPC,3936.689941
7/20/2022,^GSPC,3959.899902
7/21/2022,^GSPC,3998.949951
7/22/2022,^GSPC,3961.629883
7/25/2022,^GSPC,3966.840088
7/26/2022,^GSPC,3921.050049
7/27/2022,^GSPC,4023.610107
7/28/2022,^GSPC,4072.429932
7/29/2022,^GSPC,4130.290039
8/1/2022,^GSPC,4118.629883
8/2/2022,^GSPC,4091.189941
8/3/2022,^GSPC,4155.169922
8/4/2022,^GSPC,4151.939941
8/5/2022,^GSPC,4145.189941
8/8/2022,^GSPC,4140.060059
8/9/2022,^GSPC,4122.470215
8/10/2022,^GSPC,4210.240234
8/11/2022,^GSPC,4207.27002
8/12/2022,^GSPC,4280.149902
8/15/2022,^GSPC,4297.140137
8/16/2022,^GSPC,4305.200195
8/17/2022,^GSPC,4274.040039
8/18/2022,^GSPC,4283.740234
8/19/2022,^GSPC,4228.47998
8/22/2022,^GSPC,4137.990234
8/23/2022,^GSPC,4128.72998
8/24/2022,^GSPC,4140.77002
8/25/2022,^GSPC,4199.120117
8/26/2022,^GSPC,4057.659912
8/29/2022,^GSPC,4030.610107
8/30/2022,^GSPC,3986.159912
8/31/2022,^GSPC,3955
9/1/2022,^GSPC,3966.850098
9/2/2022,^GSPC,3924.26001
9/6/2022,^GSPC,3908.189941
9/7/2022,^GSPC,3979.870117
9/8/2022,^GSPC,4006.179932
9/9/2022,^GSPC,4067.360107
9/12/2022,^GSPC,4110.410156
9/13/2022,^GSPC,3932.689941
9/14/2022,^GSPC,3946.01001
9/15/2022,^GSPC,3901.350098
9/16/2022,^GSPC,3873.330078
9/19/2022,^GSPC,3899.889893
9/20/2022,^GSPC,3855.929932
9/21/2022,^GSPC,3789.929932
9/22/2022,^GSPC,3757.98999
9/23/2022,^GSPC,3693.22998
9/26/2022,^GSPC,3655.040039
9/27/2022,^GSPC,3647.290039
9/28/2022,^GSPC,3719.040039
9/29/2022,^GSPC,3640.469971
9/30/2022,^GSPC,3585.620117
10/3/2022,^GSPC,3678.429932
10/4/2022,^GSPC,3790.929932
10/5/2022,^GSPC,3783.280029
10/6/2022,^GSPC,3744.52002
10/7/2022,^GSPC,3639.659912
10/10/2022,^GSPC,3612.389893
10/11/2022,^GSPC,3588.840088
10/12/2022,^GSPC,3577.030029
10/13/2022,^GSPC,3669.909912
10/14/2022,^GSPC,3583.070068
10/17/2022,^GSPC,3677.949951
10/18/2022,^GSPC,3719.97998
10/19/2022,^GSPC,3695.159912
10/20/2022,^GSPC,3665.780029
10/21/2022,^GSPC,3752.75
10/24/2022,^GSPC,3797.340088
10/25/2022,^GSPC,3859.110107
10/26/2022,^GSPC,3830.600098
10/27/2022,^GSPC,3807.300049
10/28/2022,^GSPC,3901.060059
10/31/2022,^GSPC,3871.97998
11/1/2022,^GSPC,3856.100098
11/2/2022,^GSPC,3759.689941
11/3/2022,^GSPC,3719.889893
11/4/2022,^GSPC,3770.550049
11/7/2022,^GSPC,3806.800049
11/8/2022,^GSPC,3828.110107
11/9/2022,^GSPC,3748.570068
11/10/2022,^GSPC,3956.370117
11/11/2022,^GSPC,3992.929932
11/14/2022,^GSPC,3957.25
11/15/2022,^GSPC,3991.72998
11/16/2022,^GSPC,3958.790039
11/17/2022,^GSPC,3946.560059
11/18/2022,^GSPC,3965.340088
11/21/2022,^GSPC,3949.939941
11/22/2022,^GSPC,4003.580078
11/23/2022,^GSPC,4027.26001
11/25/2022,^GSPC,4026.120117
11/28/2022,^GSPC,3963.939941
11/29/2022,^GSPC,3957.629883
11/30/2022,^GSPC,4080.110107
12/1/2022,^GSPC,4076.570068
12/2/2022,^GSPC,4071.699951
12/5/2022,^GSPC,3998.840088
12/6/2022,^GSPC,3941.26001
12/7/2022,^GSPC,3933.919922
12/8/2022,^GSPC,3963.51001
12/9/2022,^GSPC,3934.379883
12/12/2022,^GSPC,3990.560059
12/13/2022,^GSPC,4019.649902
12/14/2022,^GSPC,3995.320068
12/15/2022,^GSPC,3895.75
12/16/2022,^GSPC,3852.360107
12/19/2022,^GSPC,3817.659912
12/20/2022,^GSPC,3821.620117
12/21/2022,^GSPC,3878.439941
12/22/2022,^GSPC,3822.389893
12/23/2022,^GSPC,3844.820068
12/27/2022,^GSPC,3829.25
12/28/2022,^GSPC,3783.219971
12/29/2022,^GSPC,3849.280029
12/30/2022,^GSPC,3839.5
1/3/2023,^GSPC,3824.139893
1/4/2023,^GSPC,3852.969971
1/5/2023,^GSPC,3808.100098
1/6/2023,^GSPC,3895.080078
1/9/2023,^GSPC,3892.090088
1/10/2023,^GSPC,3919.25
1/11/2023,^GSPC,3969.610107
1/12/2023,^GSPC,3983.169922
1/13/2023,^GSPC,3999.090088
1/17/2023,^GSPC,3990.969971
1/18/2023,^GSPC,3928.860107
1/19/2023,^GSPC,3898.850098
1/20/2023,^GSPC,3972.610107
1/23/2023,^GSPC,4019.810059
1/24/2023,^GSPC,4016.949951
1/25/2023,^GSPC,4016.219971
1/26/2023,^GSPC,4060.429932
1/27/2023,^GSPC,4070.560059
1/30/2023,^GSPC,4017.77002
1/31/2023,^GSPC,4076.600098
2/1/2023,^GSPC,4119.209961
2/2/2023,^GSPC,4179.759766
2/3/2023,^GSPC,4136.47998
2/6/2023,^GSPC,4111.080078
2/7/2023,^GSPC,4164
2/8/2023,^GSPC,4117.859863
2/9/2023,^GSPC,4081.5
2/10/2023,^GSPC,4090.459961
2/13/2023,^GSPC,4137.290039
2/14/2023,^GSPC,4136.129883
2/15/2023,^GSPC,4147.600098
2/16/2023,^GSPC,4090.409912
2/17/2023,^GSPC,4079.090088
2/21/2023,^GSPC,3997.340088
2/22/2023,^GSPC,3991.050049
2/23/2023,^GSPC,4012.320068
2/24/2023,^GSPC,3970.040039
2/27/2023,^GSPC,3982.23999
2/28/2023,^GSPC,3970.149902
3/1/2023,^GSPC,3951.389893
3/2/2023,^GSPC,3981.350098
3/3/2023,^GSPC,4045.639893
3/6/2023,^GSPC,4048.419922
3/7/2023,^GSPC,3986.370117
3/8/2023,^GSPC,3992.01001
3/9/2023,^GSPC,3918.320068
3/10/2023,^GSPC,3861.590088
3/13/2023,^GSPC,3855.76001
3/14/2023,^GSPC,3919.290039
3/15/2023,^GSPC,3891.929932
3/16/2023,^GSPC,3960.280029
3/17/2023,^GSPC,3916.639893
3/20/2023,^GSPC,3951.570068
3/21/2023,^GSPC,4002.870117
3/22/2023,^GSPC,3936.969971
3/23/2023,^GSPC,3948.719971
3/24/2023,^GSPC,3970.98999
3/27/2023,^GSPC,3977.530029
3/28/2023,^GSPC,3971.27002
3/29/2023,^GSPC,4027.810059
3/30/2023,^GSPC,4050.830078
3/31/2023,^GSPC,4109.310059
4/3/2023,^GSPC,4124.509766
4/4/2023,^GSPC,4100.600098
4/5/2023,^GSPC,4090.379883
4/6/2023,^GSPC,4105.02002
4/10/2023,^GSPC,4109.109863
4/11/2023,^GSPC,4108.939941
4/12/2023,^GSPC,4091.949951
4/13/2023,^GSPC,4146.220215
4/14/2023,^GSPC,4137.640137
4/17/2023,^GSPC,4151.319824
4/18/2023,^GSPC,4154.870117
4/19/2023,^GSPC,4154.52002
4/20/2023,^GSPC,4129.790039
4/21/2023,^GSPC,4133.52002
4/24/2023,^GSPC,4137.040039
4/25/2023,^GSPC,4071.629883
4/26/2023,^GSPC,4055.98999
4/27/2023,^GSPC,4135.350098
4/28/2023,^GSPC,4169.47998
5/1/2023,^GSPC,4167.870117
5/2/2023,^GSPC,4119.580078
5/3/2023,^GSPC,4090.75
5/4/2023,^GSPC,4061.219971
5/5/2023,^GSPC,4136.25
5/8/2023,^GSPC,4138.120117
5/9/2023,^GSPC,4119.169922
5/10/2023,^GSPC,4137.640137
5/11/2023,^GSPC,4130.620117
5/12/2023,^GSPC,4124.080078
5/15/2023,^GSPC,4136.279785
5/16/2023,^GSPC,4109.899902
5/17/2023,^GSPC,4158.77002
5/18/2023,^GSPC,4198.049805
5/19/2023,^GSPC,4191.97998
5/22/2023,^GSPC,4192.629883
5/23/2023,^GSPC,4145.580078
5/24/2023,^GSPC,4115.240234
5/25/2023,^GSPC,4151.279785
5/26/2023,^GSPC,4205.450195
5/30/2023,^GSPC,4205.52002
5/31/2023,^GSPC,4179.830078
6/1/2023,^GSPC,4221.02002
6/2/2023,^GSPC,4282.370117
6/5/2023,^GSPC,4273.790039
6/6/2023,^GSPC,4283.850098
6/7/2023,^GSPC,4267.52002
6/8/2023,^GSPC,4293.930176
6/9/2023,^GSPC,4298.859863
6/12/2023,^GSPC,4338.930176
6/13/2023,^GSPC,4369.009766
6/14/2023,^GSPC,4372.589844
6/15/2023,^GSPC,4425.839844
6/16/2023,^GSPC,4409.589844
6/20/2023,^GSPC,4388.709961
6/21/2023,^GSPC,4365.689941
6/22/2023,^GSPC,4381.890137
6/23/2023,^GSPC,4348.330078
6/26/2023,^GSPC,4328.819824
6/27/2023,^GSPC,4378.410156
6/28/2023,^GSPC,4376.859863
6/29/2023,^GSPC,4396.439941
6/30/2023,^GSPC,4450.379883
7/3/2023,^GSPC,4455.589844
7/5/2023,^GSPC,4446.819824
7/6/2023,^GSPC,4411.589844
7/7/2023,^GSPC,4398.950195
7/10/2023,^GSPC,4409.529785
7/11/2023,^GSPC,4439.259766
7/12/2023,^GSPC,4472.160156
7/13/2023,^GSPC,4510.040039
7/14/2023,^GSPC,4505.419922
7/17/2023,^GSPC,4522.790039
7/18/2023,^GSPC,4554.97998
7/19/2023,^GSPC,4565.720215
7/20/2023,^GSPC,4534.870117
7/21/2023,^GSPC,4536.339844
7/24/2023,^GSPC,4554.640137
7/25/2023,^GSPC,4567.459961
7/26/2023,^GSPC,4566.75
7/27/2023,^GSPC,4537.410156
7/28/2023,^GSPC,4582.22998
7/31/2023,^GSPC,4588.959961
8/1/2023,^GSPC,4576.72998
8/2/2023,^GSPC,4513.390137
8/3/2023,^GSPC,4501.890137
8/4/2023,^GSPC,4478.029785
8/7/2023,^GSPC,4518.439941
8/8/2023,^GSPC,4499.379883
8/9/2023,^GSPC,4467.709961
8/10/2023,^GSPC,4468.830078
8/11/2023,^GSPC,4464.049805
8/14/2023,^GSPC,4489.720215
8/15/2023,^GSPC,4437.859863
8/16/2023,^GSPC,4404.330078
8/17/2023,^GSPC,4370.359863
8/18/2023,^GSPC,4369.709961
8/21/2023,^GSPC,4399.77002
8/22/2023,^GSPC,4387.549805
8/23/2023,^GSPC,4436.009766
8/24/2023,^GSPC,4376.310059
8/25/2023,^GSPC,4405.709961
8/28/2023,^GSPC,4433.310059
8/29/2023,^GSPC,4497.629883
8/30/2023,^GSPC,4514.870117
8/31/2023,^GSPC,4507.660156
9/1/2023,^GSPC,4515.77002
9/5/2023,^GSPC,4496.830078
9/6/2023,^GSPC,4465.47998
9/7/2023,^GSPC,4451.140137
9/8/2023,^GSPC,4457.490234
9/11/2023,^GSPC,4487.459961
9/12/2023,^GSPC,4461.899902
9/13/2023,^GSPC,4467.439941
9/14/2023,^GSPC,4505.100098
9/15/2023,^GSPC,4450.319824
9/18/2023,^GSPC,4453.529785
9/19/2023,^GSPC,4443.950195
9/20/2023,^GSPC,4402.200195
9/21/2023,^GSPC,4330
9/22/2023,^GSPC,4320.060059
9/25/2023,^GSPC,4337.439941
9/26/2023,^GSPC,4273.529785
9/27/2023,^GSPC,4274.509766
9/28/2023,^GSPC,4299.700195
9/29/2023,^GSPC,4288.049805
10/2/2023,^GSPC,4288.390137
10/3/2023,^GSPC,4229.450195
10/4/2023,^GSPC,4263.75
10/5/2023,^GSPC,4258.189941
10/6/2023,^GSPC,4308.5
10/9/2023,^GSPC,4335.660156
10/10/2023,^GSPC,4358.240234
10/11/2023,^GSPC,4376.950195
10/12/2023,^GSPC,4349.609863
10/13/2023,^GSPC,4327.779785
10/16/2023,^GSPC,4373.629883
10/17/2023,^GSPC,4373.200195
10/18/2023,^GSPC,4314.600098
10/19/2023,^GSPC,4278
10/20/2023,^GSPC,4224.160156
10/23/2023,^GSPC,4217.040039
10/24/2023,^GSPC,4247.680176
10/25/2023,^GSPC,4186.77002
10/26/2023,^GSPC,4137.22998
10/27/2023,^GSPC,4117.370117
10/30/2023,^GSPC,4166.819824
10/31/2023,^GSPC,4193.799805
11/1/2023,^GSPC,4237.859863
11/2/2023,^GSPC,4317.779785
11/3/2023,^GSPC,4358.339844
11/6/2023,^GSPC,4365.97998
11/7/2023,^GSPC,4378.379883
11/8/2023,^GSPC,4382.779785
11/9/2023,^GSPC,4347.350098
11/10/2023,^GSPC,4415.240234
11/13/2023,^GSPC,4411.549805
11/14/2023,^GSPC,4495.700195
11/15/2023,^GSPC,4502.879883
11/16/2023,^GSPC,4508.240234
11/17/2023,^GSPC,4514.02002
11/20/2023,^GSPC,4547.379883
11/21/2023,^GSPC,4538.189941
11/22/2023,^GSPC,4556.620117
11/24/2023,^GSPC,4559.339844
11/27/2023,^GSPC,4550.430176
11/28/2023,^GSPC,4554.890137
11/29/2023,^GSPC,4550.580078
11/30/2023,^GSPC,4567.799805
12/1/2023,^GSPC,4594.629883
12/4/2023,^GSPC,4569.779785
12/5/2023,^GSPC,4567.180176
12/6/2023,^GSPC,4549.339844
12/7/2023,^GSPC,4585.589844
12/8/2023,^GSPC,4604.370117
12/11/2023,^GSPC,4622.439941
12/12/2023,^GSPC,4643.700195
12/13/2023,^GSPC,4707.089844
12/14/2023,^GSPC,4719.549805
12/15/2023,^GSPC,4719.189941
12/18/2023,^GSPC,4740.560059
12/19/2023,^GSPC,4768.370117
12/20/2023,^GSPC,4698.350098
12/21/2023,^GSPC,4746.75
12/22/2023,^GSPC,4754.629883
12/26/2023,^GSPC,4774.75
12/27/2023,^GSPC,4781.580078
12/28/2023,^GSPC,4783.350098
12/29/2023,^GSPC,4769.830078
1/2/2024,^GSPC,4742.830078
1/3/2024,^GSPC,4704.810059
1/4/2024,^GSPC,4688.680176
1/5/2024,^GSPC,4697.240234
1/8/2024,^GSPC,4763.540039
1/9/2024,^GSPC,4756.5
1/10/2024,^GSPC,4783.450195
1/11/2024,^GSPC,4780.240234
1/12/2024,^GSPC,4783.830078
1/16/2024,^GSPC,4765.97998
1/17/2024,^GSPC,4739.209961
1/18/2024,^GSPC,4780.939941
1/19/2024,^GSPC,4839.810059
1/22/2024,^GSPC,4850.430176
1/23/2024,^GSPC,4864.600098
1/24/2024,^GSPC,4868.549805
1/25/2024,^GSPC,4894.160156
1/26/2024,^GSPC,4890.970215
1/29/2024,^GSPC,4927.930176
1/30/2024,^GSPC,4924.970215
1/31/2024,^GSPC,4845.649902
2/1/2024,^GSPC,4906.189941
2/2/2024,^GSPC,4958.609863
2/5/2024,^GSPC,4942.810059
2/6/2024,^GSPC,4954.22998
2/7/2024,^GSPC,4995.060059
2/8/2024,^GSPC,4997.910156
2/9/2024,^GSPC,5026.609863
2/12/2024,^GSPC,5021.839844
2/13/2024,^GSPC,4953.169922
2/14/2024,^GSPC,5000.620117
2/15/2024,^GSPC,5029.72998
2/16/2024,^GSPC,5005.569824
2/20/2024,^GSPC,4975.509766
2/21/2024,^GSPC,4981.799805
2/22/2024,^GSPC,5087.029785
2/23/2024,^GSPC,5088.799805
2/26/2024,^GSPC,5069.529785
2/27/2024,^GSPC,5078.180176
2/28/2024,^GSPC,5069.759766
2/29/2024,^GSPC,5096.27002
3/1/2024,^GSPC,5137.080078
3/4/2024,^GSPC,5130.950195
3/5/2024,^GSPC,5078.649902
3/6/2024,^GSPC,5104.759766
3/7/2024,^GSPC,5157.359863
3/8/2024,^GSPC,5123.689941
3/11/2024,^GSPC,5117.939941
3/12/2024,^GSPC,5175.27002
3/13/2024,^GSPC,5165.310059
3/14/2024,^GSPC,5150.47998
3/15/2024,^GSPC,5117.089844
3/18/2024,^GSPC,5149.419922
3/19/2024,^GSPC,5178.509766
3/20/2024,^GSPC,5224.620117
3/21/2024,^GSPC,5241.529785
3/22/2024,^GSPC,5234.180176
3/25/2024,^GSPC,5218.189941
3/26/2024,^GSPC,5203.580078
3/27/2024,^GSPC,5248.490234
3/28/2024,^GSPC,5254.350098
4/1/2024,^GSPC,5243.77002
4/2/2024,^GSPC,5205.810059
4/3/2024,^GSPC,5211.490234
4/4/2024,^GSPC,5147.209961
4/5/2024,^GSPC,5204.339844
4/8/2024,^GSPC,5202.390137
4/9/2024,^GSPC,5209.910156
4/10/2024,^GSPC,5160.640137
4/11/2024,^GSPC,5199.060059
4/12/2024,^GSPC,5123.410156
4/15/2024,^GSPC,5061.819824
4/16/2024,^GSPC,5051.410156
4/17/2024,^GSPC,5022.209961
4/18/2024,^GSPC,5011.120117
4/19/2024,^GSPC,4967.22998
4/22/2024,^GSPC,5010.600098
4/23/2024,^GSPC,5070.549805
4/24/2024,^GSPC,5071.629883
4/25/2024,^GSPC,5048.419922
4/26/2024,^GSPC,5099.959961
4/29/2024,^GSPC,5116.169922
4/30/2024,^GSPC,5035.689941
5/1/2024,^GSPC,5018.390137
5/2/2024,^GSPC,5064.200195
5/3/2024,^GSPC,5127.790039
5/6/2024,^GSPC,5180.740234
5/7/2024,^GSPC,5187.700195
5/8/2024,^GSPC,5187.669922
5/9/2024,^GSPC,5214.080078
5/10/2024,^GSPC,5222.680176
5/13/2024,^GSPC,5221.419922
5/14/2024,^GSPC,5246.680176
5/15/2024,^GSPC,5308.149902
5/16/2024,^GSPC,5297.100098
5/17/2024,^GSPC,5303.27002
5/20/2024,^GSPC,5308.129883
5/21/2024,^GSPC,5321.410156
5/22/2024,^GSPC,5307.009766
5/23/2024,^GSPC,5267.839844
5/24/2024,^GSPC,5304.720215
5/28/2024,^GSPC,5306.040039
5/29/2024,^GSPC,5266.950195
5/30/2024,^GSPC,5235.47998
5/31/2024,^GSPC,5277.509766
6/3/2024,^GSPC,5283.399902
6/4/2024,^GSPC,5291.339844
6/5/2024,^GSPC,5354.029785
6/6/2024,^GSPC,5352.959961
6/7/2024,^GSPC,5346.990234
6/10/2024,^GSPC,5360.790039
6/11/2024,^GSPC,5375.319824
6/12/2024,^GSPC,5421.029785
6/13/2024,^GSPC,5433.740234
6/14/2024,^GSPC,5431.600098
6/17/2024,^GSPC,5473.22998
6/18/2024,^GSPC,5487.029785
6/20/2024,^GSPC,5473.169922
6/21/2024,^GSPC,5464.620117
6/24/2024,^GSPC,5447.870117
6/25/2024,^GSPC,5469.299805
6/26/2024,^GSPC,5477.899902
6/27/2024,^GSPC,5482.870117
6/28/2024,^GSPC,5460.47998
7/1/2024,^GSPC,5475.089844
7/2/2024,^GSPC,5509.009766
7/3/2024,^GSPC,5537.02002
7/5/2024,^GSPC,5567.189941
7/8/2024,^GSPC,5572.850098
7/9/2024,^GSPC,5576.97998
7/10/2024,^GSPC,5633.910156
7/11/2024,^GSPC,5584.540039
7/12/2024,^GSPC,5615.350098
7/15/2024,^GSPC,5631.220215
7/16/2024,^GSPC,5667.200195
7/17/2024,^GSPC,5588.27002
7/18/2024,^GSPC,5544.589844
7/19/2024,^GSPC,5505
7/22/2024,^GSPC,5564.410156
7/23/2024,^GSPC,5555.740234
7/24/2024,^GSPC,5427.129883
7/25/2024,^GSPC,5399.220215
7/26/2024,^GSPC,5459.100098
7/29/2024,^GSPC,5463.540039
7/30/2024,^GSPC,5436.439941
7/31/2024,^GSPC,5522.299805
8/1/2024,^GSPC,5446.680176
8/2/2024,^GSPC,5346.560059
8/5/2024,^GSPC,5186.330078
8/6/2024,^GSPC,5240.029785
8/7/2024,^GSPC,5199.5
8/8/2024,^GSPC,5319.310059
8/9/2024,^GSPC,5344.160156
8/12/2024,^GSPC,5344.390137
8/13/2024,^GSPC,5434.430176
8/14/2024,^GSPC,5455.209961
8/15/2024,^GSPC,5543.220215
8/16/2024,^GSPC,5554.25
8/19/2024,^GSPC,5608.25
8/20/2024,^GSPC,5597.120117
8/21/2024,^GSPC,5620.850098
8/22/2024,^GSPC,5570.640137
8/23/2024,^GSPC,5634.609863
8/26/2024,^GSPC,5616.839844
8/27/2024,^GSPC,5625.799805
8/28/2024,^GSPC,5592.180176
8/29/2024,^GSPC,5591.959961
8/30/2024,^GSPC,5648.399902
9/3/2024,^GSPC,5528.930176
9/4/2024,^GSPC,5520.069824
9/5/2024,^GSPC,5503.410156
9/6/2024,^GSPC,5408.419922
9/9/2024,^GSPC,5471.049805
9/10/2024,^GSPC,5495.52002
9/11/2024,^GSPC,5554.129883
9/12/2024,^GSPC,5595.759766
9/13/2024,^GSPC,5626.02002
9/16/2024,^GSPC,5633.089844
9/17/2024,^GSPC,5634.580078
9/18/2024,^GSPC,5618.259766
9/19/2024,^GSPC,5713.640137
9/20/2024,^GSPC,5702.549805
9/23/2024,^GSPC,5718.569824
9/24/2024,^GSPC,5732.930176
9/25/2024,^GSPC,5722.259766
9/26/2024,^GSPC,5745.370117
9/27/2024,^GSPC,5738.169922
9/30/2024,^GSPC,5762.47998
10/1/2024,^GSPC,5708.75
10/2/2024,^GSPC,5709.540039
10/3/2024,^GSPC,5699.939941
10/4/2024,^GSPC,5751.069824
10/7/2024,^GSPC,5695.939941
10/8/2024,^GSPC,5751.129883
10/9/2024,^GSPC,5792.040039
10/10/2024,^GSPC,5780.049805
10/11/2024,^GSPC,5815.029785
10/14/2024,^GSPC,5859.850098
10/15/2024,^GSPC,5815.259766
10/16/2024,^GSPC,5842.470215
10/17/2024,^GSPC,5841.470215
10/18/2024,^GSPC,5864.669922
10/21/2024,^GSPC,5853.97998
10/22/2024,^GSPC,5851.200195
10/23/2024,^GSPC,5797.419922
10/24/2024,^GSPC,5809.859863
10/25/2024,^GSPC,5808.120117
10/28/2024,^GSPC,5823.52002
10/29/2024,^GSPC,5832.919922
10/30/2024,^GSPC,5813.669922
10/31/2024,^GSPC,5705.450195
11/1/2024,^GSPC,5728.799805
11/4/2024,^GSPC,5712.689941
11/5/2024,^GSPC,5782.759766
11/6/2024,^GSPC,5929.040039
11/7/2024,^GSPC,5973.100098
11/8/2024,^GSPC,5995.540039
11/11/2024,^GSPC,6001.350098
11/12/2024,^GSPC,5983.990234
11/13/2024,^GSPC,5985.379883
11/14/2024,^GSPC,5949.169922
11/15/2024,^GSPC,5870.620117
11/18/2024,^GSPC,5893.620117
11/19/2024,^GSPC,5916.97998
11/20/2024,^GSPC,5917.109863
11/21/2024,^GSPC,5948.709961
11/22/2024,^GSPC,5969.339844
11/25/2024,^GSPC,5987.370117
11/26/2024,^GSPC,6021.629883
11/27/2024,^GSPC,5998.740234
11/29/2024,^GSPC,6032.379883
12/2/2024,^GSPC,6047.149902
12/3/2024,^GSPC,6049.879883
12/4/2024,^GSPC,6086.490234
12/5/2024,^GSPC,6075.109863
12/6/2024,^GSPC,6090.27002
12/9/2024,^GSPC,6052.850098
12/10/2024,^GSPC,6034.910156
12/11/2024,^GSPC,6084.189941
12/12/2024,^GSPC,6051.25
12/13/2024,^GSPC,6051.089844
12/16/2024,^GSPC,6074.080078
12/17/2024,^GSPC,6050.609863
12/18/2024,^GSPC,5872.160156
12/19/2024,^GSPC,5867.080078
12/20/2024,^GSPC,5930.850098
12/23/2024,^GSPC,5974.069824
12/24/2024,^GSPC,6040.040039
12/26/2024,^GSPC,6037.589844
12/27/2024,^GSPC,5970.839844
12/30/2024,^GSPC,5906.939941
12/31/2024,^GSPC,5881.629883
1/2/2025,^GSPC,5868.549805
1/3/2025,^GSPC,5942.470215
1/6/2025,^GSPC,5975.379883
1/7/2025,^GSPC,5909.029785
1/8/2025,^GSPC,5918.25
1/10/2025,^GSPC,5827.040039
1/13/2025,^GSPC,5836.220215
1/14/2025,^GSPC,5842.910156
1/15/2025,^GSPC,5949.910156
1/16/2025,^GSPC,5937.339844
1/17/2025,^GSPC,5996.660156
1/21/2025,^GSPC,6049.240234
1/22/2025,^GSPC,6086.370117
1/23/2025,^GSPC,6118.709961
1/24/2025,^GSPC,6101.240234
1/27/2025,^GSPC,6012.279785
1/28/2025,^GSPC,6067.700195
1/29/2025,^GSPC,6039.310059
1/30/2025,^GSPC,6071.169922
1/31/2025,^GSPC,6040.529785
2/3/2025,^GSPC,5994.569824
2/4/2025,^GSPC,6037.879883
2/5/2025,^GSPC,6061.47998
2/6/2025,^GSPC,6083.569824
2/7/2025,^GSPC,6025.990234
2/10/2025,^GSPC,6066.439941
2/11/2025,^GSPC,6068.5
2/12/2025,^GSPC,6051.970215
2/13/2025,^GSPC,6115.069824
2/14/2025,^GSPC,6114.629883
2/18/2025,^GSPC,6129.580078
2/19/2025,^GSPC,6144.149902
2/20/2025,^GSPC,6117.52002
2/21/2025,^GSPC,6013.129883
2/24/2025,^GSPC,5983.25
2/25/2025,^GSPC,5955.25
2/26/2025,^GSPC,5956.060059
2/27/2025,^GSPC,5861.569824
2/28/2025,^GSPC,5954.5
3/3/2025,^GSPC,5849.720215
3/4/2025,^GSPC,5778.149902
3/5/2025,^GSPC,5842.629883
3/6/2025,^GSPC,5738.52002
3/7/2025,^GSPC,5770.200195
3/10/2025,^GSPC,5614.560059
3/11/2025,^GSPC,5572.069824
3/12/2025,^GSPC,5599.299805
3/13/2025,^GSPC,5521.52002
3/14/2025,^GSPC,5638.939941
3/17/2025,^GSPC,5675.120117
3/18/2025,^GSPC,5614.660156
3/19/2025,^GSPC,5675.290039
3/20/2025,^GSPC,5662.890137
3/21/2025,^GSPC,5667.560059
3/24/2025,^GSPC,5767.569824
3/25/2025,^GSPC,5776.649902
3/26/2025,^GSPC,5712.200195
3/27/2025,^GSPC,5693.310059
3/28/2025,^GSPC,5580.939941
3/31/2025,^GSPC,5611.850098
4/1/2025,^GSPC,5633.069824
4/2/2025,^GSPC,5670.970215
4/3/2025,^GSPC,5396.52002
4/4/2025,^GSPC,5074.080078
4/7/2025,^GSPC,5062.25
4/8/2025,^GSPC,4982.77002
4/9/2025,^GSPC,5456.899902
4/10/2025,^GSPC,5268.049805
4/11/2025,^GSPC,5363.359863
4/14/2025,^GSPC,5405.970215
4/15/2025,^GSPC,5396.629883
4/16/2025,^GSPC,5275.700195
4/17/2025,^GSPC,5282.700195
4/21/2025,^GSPC,5158.200195
4/22/2025,^GSPC,5287.759766
4/23/2025,^GSPC,5375.859863
4/24/2025,^GSPC,5484.77002
4/25/2025,^GSPC,5525.209961
4/28/2025,^GSPC,5528.75
4/29/2025,^GSPC,5560.830078
4/30/2025,^GSPC,5569.060059
5/1/2025,^GSPC,5604.140137
5/2/2025,^GSPC,5686.669922
5/5/2025,^GSPC,5650.379883
5/6/2025,^GSPC,5606.910156
5/7/2025,^GSPC,5631.279785
5/8/2025,^GSPC,5663.939941
5/9/2025,^GSPC,5659.910156
5/12/2025,^GSPC,5844.189941
5/13/2025,^GSPC,5886.549805
5/14/2025,^GSPC,5892.580078
5/15/2025,^GSPC,5916.930176
5/16/2025,^GSPC,5958.379883
5/19/2025,^GSPC,5963.600098
5/20/2025,^GSPC,5940.459961
5/21/2025,^GSPC,5844.609863
5/22/2025,^GSPC,5842.009766
5/23/2025,^GSPC,5802.819824
5/27/2025,^GSPC,5921.540039
5/28/2025,^GSPC,5888.549805
5/29/2025,^GSPC,5912.169922
5/30/2025,^GSPC,5911.689941
6/2/2025,^GSPC,5935.939941
6/3/2025,^GSPC,5970.370117
6/4/2025,^GSPC,5970.810059
6/5/2025,^GSPC,5939.299805
6/6/2025,^GSPC,6000.359863
6/9/2025,^GSPC,6005.879883
6/10/2025,^GSPC,6038.810059
6/11/2025,^GSPC,6022.240234
6/12/2025,^GSPC,6045.259766
6/13/2025,^GSPC,5976.970215
6/16/2025,^GSPC,6033.109863
6/17/2025,^GSPC,5982.720215
6/18/2025,^GSPC,5980.870117
6/20/2025,^GSPC,5967.839844
6/23/2025,^GSPC,6025.169922
6/24/2025,^GSPC,6092.180176
6/25/2025,^GSPC,6092.160156
6/26/2025,^GSPC,6141.02002
6/27/2025,^GSPC,6173.069824
6/30/2025,^GSPC,6204.950195
7/1/2025,^GSPC,6198.009766
7/2/2025,^GSPC,6227.419922
7/3/2025,^GSPC,6279.350098
7/7/2025,^GSPC,6229.97998
7/8/2025,^GSPC,6225.52002
7/9/2025,^GSPC,6263.259766
7/10/2025,^GSPC,6280.459961
7/11/2025,^GSPC,6259.75
7/14/2025,^GSPC,6268.560059
7/15/2025,^GSPC,6243.759766
7/16/2025,^GSPC,6263.700195
7/17/2025,^GSPC,6297.359863
7/18/2025,^GSPC,6296.790039
7/21/2025,^GSPC,6305.600098
7/22/2025,^GSPC,6309.620117
7/23/2025,^GSPC,6358.910156
7/24/2025,^GSPC,6363.350098
7/25/2025,^GSPC,6388.640137
7/28/2025,^GSPC,6389.77002
7/29/2025,^GSPC,6370.859863
7/30/2025,^GSPC,6362.899902
7/31/2025,^GSPC,6339.390137
8/1/2025,^GSPC,6238.009766
8/4/2025,^GSPC,6329.939941
8/5/2025,^GSPC,6299.189941
8/6/2025,^GSPC,6345.060059
8/7/2025,^GSPC,6340
8/8/2025,^GSPC,6389.450195
8/11/2025,^GSPC,6373.450195
8/12/2025,^GSPC,6445.759766
8/13/2025,^GSPC,6466.580078
8/14/2025,^GSPC,6468.540039
8/15/2025,^GSPC,6449.799805
8/18/2025,^GSPC,6449.149902
8/19/2025,^GSPC,6411.370117
8/20/2025,^GSPC,6395.779785
8/21/2025,^GSPC,6370.169922
8/22/2025,^GSPC,6466.910156
8/25/2025,^GSPC,6439.319824
8/26/2025,^GSPC,6465.939941
8/27/2025,^GSPC,6481.399902
8/28/2025,^GSPC,6501.859863
8/29/2025,^GSPC,6460.259766
9/2/2025,^GSPC,6415.540039
9/3/2025,^GSPC,6448.259766
9/4/2025,^GSPC,6502.080078
9/5/2025,^GSPC,6481.5
9/8/2025,^GSPC,6495.149902
9/9/2025,^GSPC,6512.609863
9/10/2025,^GSPC,6532.040039
9/11/2025,^GSPC,6587.470215
9/12/2025,^GSPC,6584.290039
9/15/2025,^GSPC,6615.279785
9/16/2025,^GSPC,6606.759766
9/17/2025,^GSPC,6600.350098
9/18/2025,^GSPC,6631.959961
9/19/2025,^GSPC,6664.359863
9/22/2025,^GSPC,6693.75
9/23/2025,^GSPC,6656.919922
9/24/2025,^GSPC,6637.970215
9/25/2025,^GSPC,6604.720215
9/26/2025,^GSPC,6643.700195
9/29/2025,^GSPC,6661.209961
9/30/2025,^GSPC,6688.459961
10/1/2025,^GSPC,6711.200195
10/2/2025,^GSPC,6715.350098
10/3/2025,^GSPC,6715.790039
10/6/2025,^GSPC,6740.279785
10/7/2025,^GSPC,6714.589844
10/8/2025,^GSPC,6753.720215
10/9/2025,^GSPC,6735.109863
10/10/2025,^GSPC,6552.509766
10/13/2025,^GSPC,6654.720215
10/14/2025,^GSPC,6644.310059
10/15/2025,^GSPC,6671.060059
10/16/2025,^GSPC,6629.069824
10/17/2025,^GSPC,6664.009766
10/20/2025,^GSPC,6735.129883
10/21/2025,^GSPC,6735.350098
10/22/2025,^GSPC,6699.399902
10/23/2025,^GSPC,6738.439941
10/24/2025,^GSPC,6791.689941
10/27/2025,^GSPC,6875.160156
10/28/2025,^GSPC,6890.890137
10/29/2025,^GSPC,6890.589844
10/30/2025,^GSPC,6822.339844
10/31/2025,^GSPC,6840.200195
11/3/2025,^GSPC,6851.970215
11/4/2025,^GSPC,6771.549805
11/5/2025,^GSPC,6796.290039
11/6/2025,^GSPC,6720.319824
11/7/2025,^GSPC,6728.799805
11/10/2025,^GSPC,6832.430176
11/11/2025,^GSPC,6846.609863
11/12/2025,^GSPC,6850.919922
11/13/2025,^GSPC,6737.490234
11/14/2025,^GSPC,6734.109863
11/17/2025,^GSPC,6672.410156
11/18/2025,^GSPC,6617.319824
11/19/2025,^GSPC,6642.160156
11/20/2025,^GSPC,6538.759766
11/21/2025,^GSPC,6602.990234
11/24/2025,^GSPC,6705.120117
11/25/2025,^GSPC,6765.879883
11/26/2025,^GSPC,6812.609863
11/28/2025,^GSPC,6849.089844
12/1/2025,^GSPC,6812.629883
12/2/2025,^GSPC,6829.370117
12/3/2025,^GSPC,6849.720215
12/4/2025,^GSPC,6857.120117
12/5/2025,^GSPC,6870.399902
12/8/2025,^GSPC,6846.509766
12/9/2025,^GSPC,6840.509766
12/10/2025,^GSPC,6886.680176
12/11/2025,^GSPC,6901
12/12/2025,^GSPC,6827.410156
12/15/2025,^GSPC,6816.509766
12/16/2025,^GSPC,6800.259766
12/17/2025,^GSPC,6721.430176
12/18/2025,^GSPC,6774.759766
12/19/2025,^GSPC,6834.5
12/22/2025,^GSPC,6878.490234
12/23/2025,^GSPC,6909.790039
12/24/2025,^GSPC,6932.049805
12/26/2025,^GSPC,6929.939941
12/29/2025,^GSPC,6905.740234
12/30/2025,^GSPC,6896.240234
12/31/2025,^GSPC,6845.5
1/2/2026,^GSPC,6858.470215
1/5/2026,^GSPC,6902.049805
1/6/2026,^GSPC,6944.819824
1/7/2026,^GSPC,6920.930176
1/8/2026,^GSPC,6921.459961
1/9/2026,^GSPC,6966.279785
1/12/2026,^GSPC,6977.27002
1/13/2026,^GSPC,6963.740234
1/14/2026,^GSPC,6926.600098
1/15/2026,^GSPC,6944.470215
1/16/2026,^GSPC,6940.009766
1/20/2026,^GSPC,6796.859863
1/21/2026,^GSPC,6875.620117
1/22/2026,^GSPC,6913.350098
1/23/2026,^GSPC,6915.609863
1/26/2026,^GSPC,6950.22998
1/27/2026,^GSPC,6978.600098
1/28/2026,^GSPC,6978.029785
1/29/2026,^GSPC,6969.009766
1/30/2026,^GSPC,6939.029785
1/2/2020,^IXIC,9092.19043
1/3/2020,^IXIC,9020.769531
1/6/2020,^IXIC,9071.469727
1/7/2020,^IXIC,9068.580078
1/8/2020,^IXIC,9129.240234
1/9/2020,^IXIC,9203.429688
1/10/2020,^IXIC,9178.860352
1/13/2020,^IXIC,9273.929688
1/14/2020,^IXIC,9251.330078
1/15/2020,^IXIC,9258.700195
1/16/2020,^IXIC,9357.129883
1/17/2020,^IXIC,9388.94043
1/21/2020,^IXIC,9370.80957
1/22/2020,^IXIC,9383.769531
1/23/2020,^IXIC,9402.480469
1/24/2020,^IXIC,9314.910156
1/27/2020,^IXIC,9139.30957
1/28/2020,^IXIC,9269.679688
1/29/2020,^IXIC,9275.160156
1/30/2020,^IXIC,9298.929688
1/31/2020,^IXIC,9150.94043
2/3/2020,^IXIC,9273.400391
2/4/2020,^IXIC,9467.969727
2/5/2020,^IXIC,9508.679688
2/6/2020,^IXIC,9572.150391
2/7/2020,^IXIC,9520.509766
2/10/2020,^IXIC,9628.389648
2/11/2020,^IXIC,9638.94043
2/12/2020,^IXIC,9725.959961
2/13/2020,^IXIC,9711.969727
2/14/2020,^IXIC,9731.179688
2/18/2020,^IXIC,9732.740234
2/19/2020,^IXIC,9817.179688
2/20/2020,^IXIC,9750.969727
2/21/2020,^IXIC,9576.589844
2/24/2020,^IXIC,9221.280273
2/25/2020,^IXIC,8965.610352
2/26/2020,^IXIC,8980.780273
2/27/2020,^IXIC,8566.480469
2/28/2020,^IXIC,8567.370117
3/2/2020,^IXIC,8952.169922
3/3/2020,^IXIC,8684.089844
3/4/2020,^IXIC,9018.089844
3/5/2020,^IXIC,8738.589844
3/6/2020,^IXIC,8575.620117
3/9/2020,^IXIC,7950.680176
3/10/2020,^IXIC,8344.25
3/11/2020,^IXIC,7952.049805
3/12/2020,^IXIC,7201.799805
3/13/2020,^IXIC,7874.879883
3/16/2020,^IXIC,6904.589844
3/17/2020,^IXIC,7334.779785
3/18/2020,^IXIC,6989.839844
3/19/2020,^IXIC,7150.580078
3/20/2020,^IXIC,6879.52002
3/23/2020,^IXIC,6860.669922
3/24/2020,^IXIC,7417.859863
3/25/2020,^IXIC,7384.299805
3/26/2020,^IXIC,7797.540039
3/27/2020,^IXIC,7502.379883
3/30/2020,^IXIC,7774.149902
3/31/2020,^IXIC,7700.100098
4/1/2020,^IXIC,7360.580078
4/2/2020,^IXIC,7487.310059
4/3/2020,^IXIC,7373.080078
4/6/2020,^IXIC,7913.240234
4/7/2020,^IXIC,7887.259766
4/8/2020,^IXIC,8090.899902
4/9/2020,^IXIC,8153.580078
4/13/2020,^IXIC,8192.419922
4/14/2020,^IXIC,8515.740234
4/15/2020,^IXIC,8393.179688
4/16/2020,^IXIC,8532.360352
4/17/2020,^IXIC,8650.139648
4/20/2020,^IXIC,8560.730469
4/21/2020,^IXIC,8263.230469
4/22/2020,^IXIC,8495.379883
4/23/2020,^IXIC,8494.75
4/24/2020,^IXIC,8634.519531
4/27/2020,^IXIC,8730.160156
4/28/2020,^IXIC,8607.730469
4/29/2020,^IXIC,8914.709961
4/30/2020,^IXIC,8889.549805
5/1/2020,^IXIC,8604.950195
5/4/2020,^IXIC,8710.709961
5/5/2020,^IXIC,8809.120117
5/6/2020,^IXIC,8854.389648
5/7/2020,^IXIC,8979.660156
5/8/2020,^IXIC,9121.320313
5/11/2020,^IXIC,9192.339844
5/12/2020,^IXIC,9002.549805
5/13/2020,^IXIC,8863.169922
5/14/2020,^IXIC,8943.719727
5/15/2020,^IXIC,9014.55957
5/18/2020,^IXIC,9234.830078
5/19/2020,^IXIC,9185.099609
5/20/2020,^IXIC,9375.780273
5/21/2020,^IXIC,9284.879883
5/22/2020,^IXIC,9324.589844
5/26/2020,^IXIC,9340.219727
5/27/2020,^IXIC,9412.360352
5/28/2020,^IXIC,9368.990234
5/29/2020,^IXIC,9489.870117
6/1/2020,^IXIC,9552.049805
6/2/2020,^IXIC,9608.379883
6/3/2020,^IXIC,9682.910156
6/4/2020,^IXIC,9615.80957
6/5/2020,^IXIC,9814.080078
6/8/2020,^IXIC,9924.75
6/9/2020,^IXIC,9953.75
6/10/2020,^IXIC,10020.34961
6/11/2020,^IXIC,9492.730469
6/12/2020,^IXIC,9588.80957
6/15/2020,^IXIC,9726.019531
6/16/2020,^IXIC,9895.870117
6/17/2020,^IXIC,9910.530273
6/18/2020,^IXIC,9943.049805
6/19/2020,^IXIC,9946.120117
6/22/2020,^IXIC,10056.48047
6/23/2020,^IXIC,10131.37012
6/24/2020,^IXIC,9909.169922
6/25/2020,^IXIC,10017
6/26/2020,^IXIC,9757.219727
6/29/2020,^IXIC,9874.150391
6/30/2020,^IXIC,10058.76953
7/1/2020,^IXIC,10154.62988
7/2/2020,^IXIC,10207.62988
7/6/2020,^IXIC,10433.65039
7/7/2020,^IXIC,10343.88965
7/8/2020,^IXIC,10492.5
7/9/2020,^IXIC,10547.75
7/10/2020,^IXIC,10617.44043
7/13/2020,^IXIC,10390.83984
7/14/2020,^IXIC,10488.58008
7/15/2020,^IXIC,10550.49023
7/16/2020,^IXIC,10473.83008
7/17/2020,^IXIC,10503.19043
7/20/2020,^IXIC,10767.08984
7/21/2020,^IXIC,10680.36035
7/22/2020,^IXIC,10706.12988
7/23/2020,^IXIC,10461.41992
7/24/2020,^IXIC,10363.17969
7/27/2020,^IXIC,10536.26953
7/28/2020,^IXIC,10402.08984
7/29/2020,^IXIC,10542.94043
7/30/2020,^IXIC,10587.80957
7/31/2020,^IXIC,10745.26953
8/3/2020,^IXIC,10902.7998
8/4/2020,^IXIC,10941.16992
8/5/2020,^IXIC,10998.40039
8/6/2020,^IXIC,11108.07031
8/7/2020,^IXIC,11010.98047
8/10/2020,^IXIC,10968.36035
8/11/2020,^IXIC,10782.82031
8/12/2020,^IXIC,11012.24023
8/13/2020,^IXIC,11042.5
8/14/2020,^IXIC,11019.2998
8/17/2020,^IXIC,11129.73047
8/18/2020,^IXIC,11210.83984
8/19/2020,^IXIC,11146.45996
8/20/2020,^IXIC,11264.9502
8/21/2020,^IXIC,11311.7998
8/24/2020,^IXIC,11379.71973
8/25/2020,^IXIC,11466.46973
8/26/2020,^IXIC,11665.05957
8/27/2020,^IXIC,11625.33984
8/28/2020,^IXIC,11695.62988
8/31/2020,^IXIC,11775.45996
9/1/2020,^IXIC,11939.66992
9/2/2020,^IXIC,12056.44043
9/3/2020,^IXIC,11458.09961
9/4/2020,^IXIC,11313.12988
9/8/2020,^IXIC,10847.69043
9/9/2020,^IXIC,11141.55957
9/10/2020,^IXIC,10919.58984
9/11/2020,^IXIC,10853.5498
9/14/2020,^IXIC,11056.65039
9/15/2020,^IXIC,11190.32031
9/16/2020,^IXIC,11050.46973
9/17/2020,^IXIC,10910.28027
9/18/2020,^IXIC,10793.28027
9/21/2020,^IXIC,10778.7998
9/22/2020,^IXIC,10963.63965
9/23/2020,^IXIC,10632.99023
9/24/2020,^IXIC,10672.26953
9/25/2020,^IXIC,10913.55957
9/28/2020,^IXIC,11117.53027
9/29/2020,^IXIC,11085.25
9/30/2020,^IXIC,11167.50977
10/1/2020,^IXIC,11326.50977
10/2/2020,^IXIC,11075.01953
10/5/2020,^IXIC,11332.49023
10/6/2020,^IXIC,11154.59961
10/7/2020,^IXIC,11364.59961
10/8/2020,^IXIC,11420.98047
10/9/2020,^IXIC,11579.94043
10/12/2020,^IXIC,11876.25977
10/13/2020,^IXIC,11863.90039
10/14/2020,^IXIC,11768.73047
10/15/2020,^IXIC,11713.87012
10/16/2020,^IXIC,11671.55957
10/19/2020,^IXIC,11478.87988
10/20/2020,^IXIC,11516.49023
10/21/2020,^IXIC,11484.69043
10/22/2020,^IXIC,11506.00977
10/23/2020,^IXIC,11548.28027
10/26/2020,^IXIC,11358.94043
10/27/2020,^IXIC,11431.34961
10/28/2020,^IXIC,11004.87012
10/29/2020,^IXIC,11185.58984
10/30/2020,^IXIC,10911.58984
11/2/2020,^IXIC,10957.61035
11/3/2020,^IXIC,11160.57031
11/4/2020,^IXIC,11590.78027
11/5/2020,^IXIC,11890.92969
11/6/2020,^IXIC,11895.23047
11/9/2020,^IXIC,11713.78027
11/10/2020,^IXIC,11553.86035
11/11/2020,^IXIC,11786.42969
11/12/2020,^IXIC,11709.58984
11/13/2020,^IXIC,11829.29004
11/16/2020,^IXIC,11924.12988
11/17/2020,^IXIC,11899.33984
11/18/2020,^IXIC,11801.59961
11/19/2020,^IXIC,11904.70996
11/20/2020,^IXIC,11854.96973
11/23/2020,^IXIC,11880.62988
11/24/2020,^IXIC,12036.79004
11/25/2020,^IXIC,12094.40039
11/27/2020,^IXIC,12205.84961
11/30/2020,^IXIC,12198.74023
12/1/2020,^IXIC,12355.11035
12/2/2020,^IXIC,12349.37012
12/3/2020,^IXIC,12377.17969
12/4/2020,^IXIC,12464.23047
12/7/2020,^IXIC,12519.9502
12/8/2020,^IXIC,12582.76953
12/9/2020,^IXIC,12338.9502
12/10/2020,^IXIC,12405.80957
12/11/2020,^IXIC,12377.87012
12/14/2020,^IXIC,12440.04004
12/15/2020,^IXIC,12595.05957
12/16/2020,^IXIC,12658.19043
12/17/2020,^IXIC,12764.75
12/18/2020,^IXIC,12755.63965
12/21/2020,^IXIC,12742.51953
12/22/2020,^IXIC,12807.91992
12/23/2020,^IXIC,12771.11035
12/24/2020,^IXIC,12804.73047
12/28/2020,^IXIC,12899.41992
12/29/2020,^IXIC,12850.21973
12/30/2020,^IXIC,12870
12/31/2020,^IXIC,12888.28027
1/4/2021,^IXIC,12698.4502
1/5/2021,^IXIC,12818.95996
1/6/2021,^IXIC,12740.79004
1/7/2021,^IXIC,13067.48047
1/8/2021,^IXIC,13201.98047
1/11/2021,^IXIC,13036.42969
1/12/2021,^IXIC,13072.42969
1/13/2021,^IXIC,13128.9502
1/14/2021,^IXIC,13112.63965
1/15/2021,^IXIC,12998.5
1/19/2021,^IXIC,13197.17969
1/20/2021,^IXIC,13457.25
1/21/2021,^IXIC,13530.91016
1/22/2021,^IXIC,13543.05957
1/25/2021,^IXIC,13635.99023
1/26/2021,^IXIC,13626.05957
1/27/2021,^IXIC,13270.59961
1/28/2021,^IXIC,13337.16016
1/29/2021,^IXIC,13070.69043
2/1/2021,^IXIC,13403.38965
2/2/2021,^IXIC,13612.78027
2/3/2021,^IXIC,13610.54004
2/4/2021,^IXIC,13777.74023
2/5/2021,^IXIC,13856.2998
2/8/2021,^IXIC,13987.63965
2/9/2021,^IXIC,14007.7002
2/10/2021,^IXIC,13972.53027
2/11/2021,^IXIC,14025.76953
2/12/2021,^IXIC,14095.46973
2/16/2021,^IXIC,14047.5
2/17/2021,^IXIC,13965.49023
2/18/2021,^IXIC,13865.36035
2/19/2021,^IXIC,13874.45996
2/22/2021,^IXIC,13533.0498
2/23/2021,^IXIC,13465.2002
2/24/2021,^IXIC,13597.96973
2/25/2021,^IXIC,13119.42969
2/26/2021,^IXIC,13192.34961
3/1/2021,^IXIC,13588.83008
3/2/2021,^IXIC,13358.79004
3/3/2021,^IXIC,12997.75
3/4/2021,^IXIC,12723.46973
3/5/2021,^IXIC,12920.15039
3/8/2021,^IXIC,12609.16016
3/9/2021,^IXIC,13073.82031
3/10/2021,^IXIC,13068.83008
3/11/2021,^IXIC,13398.66992
3/12/2021,^IXIC,13319.86035
3/15/2021,^IXIC,13459.70996
3/16/2021,^IXIC,13471.57031
3/17/2021,^IXIC,13525.2002
3/18/2021,^IXIC,13116.16992
3/19/2021,^IXIC,13215.24023
3/22/2021,^IXIC,13377.54004
3/23/2021,^IXIC,13227.7002
3/24/2021,^IXIC,12961.88965
3/25/2021,^IXIC,12977.67969
3/26/2021,^IXIC,13138.73047
3/29/2021,^IXIC,13059.65039
3/30/2021,^IXIC,13045.38965
3/31/2021,^IXIC,13246.87012
4/1/2021,^IXIC,13480.11035
4/5/2021,^IXIC,13705.58984
4/6/2021,^IXIC,13698.37988
4/7/2021,^IXIC,13688.83984
4/8/2021,^IXIC,13829.30957
4/9/2021,^IXIC,13900.19043
4/12/2021,^IXIC,13850
4/13/2021,^IXIC,13996.09961
4/14/2021,^IXIC,13857.83984
4/15/2021,^IXIC,14038.75977
4/16/2021,^IXIC,14052.33984
4/19/2021,^IXIC,13914.76953
4/20/2021,^IXIC,13786.26953
4/21/2021,^IXIC,13950.21973
4/22/2021,^IXIC,13818.41016
4/23/2021,^IXIC,14016.80957
4/26/2021,^IXIC,14138.78027
4/27/2021,^IXIC,14090.21973
4/28/2021,^IXIC,14051.03027
4/29/2021,^IXIC,14082.5498
4/30/2021,^IXIC,13962.67969
5/3/2021,^IXIC,13895.12012
5/4/2021,^IXIC,13633.5
5/5/2021,^IXIC,13582.41992
5/6/2021,^IXIC,13632.83984
5/7/2021,^IXIC,13752.24023
5/10/2021,^IXIC,13401.86035
5/11/2021,^IXIC,13389.42969
5/12/2021,^IXIC,13031.67969
5/13/2021,^IXIC,13124.99023
5/14/2021,^IXIC,13429.98047
5/17/2021,^IXIC,13379.0498
5/18/2021,^IXIC,13303.63965
5/19/2021,^IXIC,13299.74023
5/20/2021,^IXIC,13535.74023
5/21/2021,^IXIC,13470.99023
5/24/2021,^IXIC,13661.16992
5/25/2021,^IXIC,13657.16992
5/26/2021,^IXIC,13738
5/27/2021,^IXIC,13736.28027
5/28/2021,^IXIC,13748.74023
6/1/2021,^IXIC,13736.48047
6/2/2021,^IXIC,13756.33008
6/3/2021,^IXIC,13614.50977
6/4/2021,^IXIC,13814.49023
6/7/2021,^IXIC,13881.71973
6/8/2021,^IXIC,13924.91016
6/9/2021,^IXIC,13911.75
6/10/2021,^IXIC,14020.33008
6/11/2021,^IXIC,14069.41992
6/14/2021,^IXIC,14174.13965
6/15/2021,^IXIC,14072.86035
6/16/2021,^IXIC,14039.67969
6/17/2021,^IXIC,14161.34961
6/18/2021,^IXIC,14030.37988
6/21/2021,^IXIC,14141.48047
6/22/2021,^IXIC,14253.26953
6/23/2021,^IXIC,14271.73047
6/24/2021,^IXIC,14369.70996
6/25/2021,^IXIC,14360.38965
6/28/2021,^IXIC,14500.50977
6/29/2021,^IXIC,14528.33008
6/30/2021,^IXIC,14503.9502
7/1/2021,^IXIC,14522.37988
7/2/2021,^IXIC,14639.33008
7/6/2021,^IXIC,14663.63965
7/7/2021,^IXIC,14665.05957
7/8/2021,^IXIC,14559.78027
7/9/2021,^IXIC,14701.91992
7/12/2021,^IXIC,14733.24023
7/13/2021,^IXIC,14677.65039
7/14/2021,^IXIC,14644.9502
7/15/2021,^IXIC,14543.12988
7/16/2021,^IXIC,14427.24023
7/19/2021,^IXIC,14274.98047
7/20/2021,^IXIC,14498.87988
7/21/2021,^IXIC,14631.9502
7/22/2021,^IXIC,14684.59961
7/23/2021,^IXIC,14836.99023
7/26/2021,^IXIC,14840.70996
7/27/2021,^IXIC,14660.58008
7/28/2021,^IXIC,14762.58008
7/29/2021,^IXIC,14778.25977
7/30/2021,^IXIC,14672.67969
8/2/2021,^IXIC,14681.07031
8/3/2021,^IXIC,14761.29004
8/4/2021,^IXIC,14780.53027
8/5/2021,^IXIC,14895.12012
8/6/2021,^IXIC,14835.75977
8/9/2021,^IXIC,14860.17969
8/10/2021,^IXIC,14788.08984
8/11/2021,^IXIC,14765.13965
8/12/2021,^IXIC,14816.25977
8/13/2021,^IXIC,14822.90039
8/16/2021,^IXIC,14793.75977
8/17/2021,^IXIC,14656.17969
8/18/2021,^IXIC,14525.91016
8/19/2021,^IXIC,14541.79004
8/20/2021,^IXIC,14714.66016
8/23/2021,^IXIC,14942.65039
8/24/2021,^IXIC,15019.7998
8/25/2021,^IXIC,15041.86035
8/26/2021,^IXIC,14945.80957
8/27/2021,^IXIC,15129.5
8/30/2021,^IXIC,15265.88965
8/31/2021,^IXIC,15259.24023
9/1/2021,^IXIC,15309.37988
9/2/2021,^IXIC,15331.17969
9/3/2021,^IXIC,15363.51953
9/7/2021,^IXIC,15374.33008
9/8/2021,^IXIC,15286.63965
9/9/2021,^IXIC,15248.25
9/10/2021,^IXIC,15115.49023
9/13/2021,^IXIC,15105.58008
9/14/2021,^IXIC,15037.75977
9/15/2021,^IXIC,15161.53027
9/16/2021,^IXIC,15181.91992
9/17/2021,^IXIC,15043.96973
9/20/2021,^IXIC,14713.90039
9/21/2021,^IXIC,14746.40039
9/22/2021,^IXIC,14896.84961
9/23/2021,^IXIC,15052.24023
9/24/2021,^IXIC,15047.7002
9/27/2021,^IXIC,14969.96973
9/28/2021,^IXIC,14546.67969
9/29/2021,^IXIC,14512.44043
9/30/2021,^IXIC,14448.58008
10/1/2021,^IXIC,14566.7002
10/4/2021,^IXIC,14255.48047
10/5/2021,^IXIC,14433.83008
10/6/2021,^IXIC,14501.91016
10/7/2021,^IXIC,14654.01953
10/8/2021,^IXIC,14579.54004
10/11/2021,^IXIC,14486.2002
10/12/2021,^IXIC,14465.91992
10/13/2021,^IXIC,14571.63965
10/14/2021,^IXIC,14823.42969
10/15/2021,^IXIC,14897.33984
10/18/2021,^IXIC,15021.80957
10/19/2021,^IXIC,15129.08984
10/20/2021,^IXIC,15121.67969
10/21/2021,^IXIC,15215.7002
10/22/2021,^IXIC,15090.2002
10/25/2021,^IXIC,15226.70996
10/26/2021,^IXIC,15235.70996
10/27/2021,^IXIC,15235.83984
10/28/2021,^IXIC,15448.12012
10/29/2021,^IXIC,15498.38965
11/1/2021,^IXIC,15595.91992
11/2/2021,^IXIC,15649.59961
11/3/2021,^IXIC,15811.58008
11/4/2021,^IXIC,15940.30957
11/5/2021,^IXIC,15971.58984
11/8/2021,^IXIC,15982.36035
11/9/2021,^IXIC,15886.54004
11/10/2021,^IXIC,15622.70996
11/11/2021,^IXIC,15704.28027
11/12/2021,^IXIC,15860.95996
11/15/2021,^IXIC,15853.84961
11/16/2021,^IXIC,15973.86035
11/17/2021,^IXIC,15921.57031
11/18/2021,^IXIC,15993.70996
11/19/2021,^IXIC,16057.44043
11/22/2021,^IXIC,15854.75977
11/23/2021,^IXIC,15775.13965
11/24/2021,^IXIC,15845.23047
11/26/2021,^IXIC,15491.66016
11/29/2021,^IXIC,15782.83008
11/30/2021,^IXIC,15537.69043
12/1/2021,^IXIC,15254.0498
12/2/2021,^IXIC,15381.32031
12/3/2021,^IXIC,15085.46973
12/6/2021,^IXIC,15225.15039
12/7/2021,^IXIC,15686.91992
12/8/2021,^IXIC,15786.99023
12/9/2021,^IXIC,15517.37012
12/10/2021,^IXIC,15630.59961
12/13/2021,^IXIC,15413.28027
12/14/2021,^IXIC,15237.63965
12/15/2021,^IXIC,15565.58008
12/16/2021,^IXIC,15180.42969
12/17/2021,^IXIC,15169.67969
12/20/2021,^IXIC,14980.94043
12/21/2021,^IXIC,15341.08984
12/22/2021,^IXIC,15521.88965
12/23/2021,^IXIC,15653.37012
12/27/2021,^IXIC,15871.25977
12/28/2021,^IXIC,15781.71973
12/29/2021,^IXIC,15766.21973
12/30/2021,^IXIC,15741.55957
12/31/2021,^IXIC,15644.96973
1/3/2022,^IXIC,15832.7998
1/4/2022,^IXIC,15622.71973
1/5/2022,^IXIC,15100.16992
1/6/2022,^IXIC,15080.86035
1/7/2022,^IXIC,14935.90039
1/10/2022,^IXIC,14942.83008
1/11/2022,^IXIC,15153.4502
1/12/2022,^IXIC,15188.38965
1/13/2022,^IXIC,14806.80957
1/14/2022,^IXIC,14893.75
1/18/2022,^IXIC,14506.90039
1/19/2022,^IXIC,14340.25977
1/20/2022,^IXIC,14154.01953
1/21/2022,^IXIC,13768.91992
1/24/2022,^IXIC,13855.12988
1/25/2022,^IXIC,13539.29004
1/26/2022,^IXIC,13542.12012
1/27/2022,^IXIC,13352.78027
1/28/2022,^IXIC,13770.57031
1/31/2022,^IXIC,14239.87988
2/1/2022,^IXIC,14346
2/2/2022,^IXIC,14417.5498
2/3/2022,^IXIC,13878.82031
2/4/2022,^IXIC,14098.00977
2/7/2022,^IXIC,14015.66992
2/8/2022,^IXIC,14194.4502
2/9/2022,^IXIC,14490.37012
2/10/2022,^IXIC,14185.63965
2/11/2022,^IXIC,13791.15039
2/14/2022,^IXIC,13790.91992
2/15/2022,^IXIC,14139.75977
2/16/2022,^IXIC,14124.08984
2/17/2022,^IXIC,13716.71973
2/18/2022,^IXIC,13548.07031
2/22/2022,^IXIC,13381.51953
2/23/2022,^IXIC,13037.49023
2/24/2022,^IXIC,13473.58984
2/25/2022,^IXIC,13694.62012
2/28/2022,^IXIC,13751.40039
3/1/2022,^IXIC,13532.45996
3/2/2022,^IXIC,13752.01953
3/3/2022,^IXIC,13537.94043
3/4/2022,^IXIC,13313.44043
3/7/2022,^IXIC,12830.95996
3/8/2022,^IXIC,12795.5498
3/9/2022,^IXIC,13255.5498
3/10/2022,^IXIC,13129.95996
3/11/2022,^IXIC,12843.80957
3/14/2022,^IXIC,12581.21973
3/15/2022,^IXIC,12948.62012
3/16/2022,^IXIC,13436.5498
3/17/2022,^IXIC,13614.78027
3/18/2022,^IXIC,13893.83984
3/21/2022,^IXIC,13838.45996
3/22/2022,^IXIC,14108.82031
3/23/2022,^IXIC,13922.59961
3/24/2022,^IXIC,14191.83984
3/25/2022,^IXIC,14169.2998
3/28/2022,^IXIC,14354.90039
3/29/2022,^IXIC,14619.63965
3/30/2022,^IXIC,14442.26953
3/31/2022,^IXIC,14220.51953
4/1/2022,^IXIC,14261.5
4/4/2022,^IXIC,14532.5498
4/5/2022,^IXIC,14204.16992
4/6/2022,^IXIC,13888.82031
4/7/2022,^IXIC,13897.2998
4/8/2022,^IXIC,13711
4/11/2022,^IXIC,13411.95996
4/12/2022,^IXIC,13371.57031
4/13/2022,^IXIC,13643.58984
4/14/2022,^IXIC,13351.08008
4/18/2022,^IXIC,13332.36035
4/19/2022,^IXIC,13619.66016
4/20/2022,^IXIC,13453.07031
4/21/2022,^IXIC,13174.65039
4/22/2022,^IXIC,12839.29004
4/25/2022,^IXIC,13004.84961
4/26/2022,^IXIC,12490.74023
4/27/2022,^IXIC,12488.92969
4/28/2022,^IXIC,12871.53027
4/29/2022,^IXIC,12334.63965
5/2/2022,^IXIC,12536.01953
5/3/2022,^IXIC,12563.75977
5/4/2022,^IXIC,12964.86035
5/5/2022,^IXIC,12317.69043
5/6/2022,^IXIC,12144.66016
5/9/2022,^IXIC,11623.25
5/10/2022,^IXIC,11737.66992
5/11/2022,^IXIC,11364.24023
5/12/2022,^IXIC,11370.95996
5/13/2022,^IXIC,11805
5/16/2022,^IXIC,11662.79004
5/17/2022,^IXIC,11984.51953
5/18/2022,^IXIC,11418.15039
5/19/2022,^IXIC,11388.5
5/20/2022,^IXIC,11354.62012
5/23/2022,^IXIC,11535.26953
5/24/2022,^IXIC,11264.4502
5/25/2022,^IXIC,11434.74023
5/26/2022,^IXIC,11740.65039
5/27/2022,^IXIC,12131.12988
5/31/2022,^IXIC,12081.38965
6/1/2022,^IXIC,11994.45996
6/2/2022,^IXIC,12316.90039
6/3/2022,^IXIC,12012.73047
6/6/2022,^IXIC,12061.37012
6/7/2022,^IXIC,12175.23047
6/8/2022,^IXIC,12086.26953
6/9/2022,^IXIC,11754.23047
6/10/2022,^IXIC,11340.01953
6/13/2022,^IXIC,10809.23047
6/14/2022,^IXIC,10828.34961
6/15/2022,^IXIC,11099.15039
6/16/2022,^IXIC,10646.09961
6/17/2022,^IXIC,10798.34961
6/21/2022,^IXIC,11069.2998
6/22/2022,^IXIC,11053.08008
6/23/2022,^IXIC,11232.19043
6/24/2022,^IXIC,11607.62012
6/27/2022,^IXIC,11524.5498
6/28/2022,^IXIC,11181.54004
6/29/2022,^IXIC,11177.88965
6/30/2022,^IXIC,11028.74023
7/1/2022,^IXIC,11127.84961
7/5/2022,^IXIC,11322.24023
7/6/2022,^IXIC,11361.84961
7/7/2022,^IXIC,11621.34961
7/8/2022,^IXIC,11635.30957
7/11/2022,^IXIC,11372.59961
7/12/2022,^IXIC,11264.73047
7/13/2022,^IXIC,11247.58008
7/14/2022,^IXIC,11251.19043
7/15/2022,^IXIC,11452.41992
7/18/2022,^IXIC,11360.0498
7/19/2022,^IXIC,11713.15039
7/20/2022,^IXIC,11897.65039
7/21/2022,^IXIC,12059.61035
7/22/2022,^IXIC,11834.11035
7/25/2022,^IXIC,11782.66992
7/26/2022,^IXIC,11562.57031
7/27/2022,^IXIC,12032.41992
7/28/2022,^IXIC,12162.58984
7/29/2022,^IXIC,12390.69043
8/1/2022,^IXIC,12368.98047
8/2/2022,^IXIC,12348.75977
8/3/2022,^IXIC,12668.16016
8/4/2022,^IXIC,12720.58008
8/5/2022,^IXIC,12657.5498
8/8/2022,^IXIC,12644.45996
8/9/2022,^IXIC,12493.92969
8/10/2022,^IXIC,12854.7998
8/11/2022,^IXIC,12779.91016
8/12/2022,^IXIC,13047.19043
8/15/2022,^IXIC,13128.0498
8/16/2022,^IXIC,13102.5498
8/17/2022,^IXIC,12938.12012
8/18/2022,^IXIC,12965.33984
8/19/2022,^IXIC,12705.21973
8/22/2022,^IXIC,12381.57031
8/23/2022,^IXIC,12381.2998
8/24/2022,^IXIC,12431.53027
8/25/2022,^IXIC,12639.26953
8/26/2022,^IXIC,12141.70996
8/29/2022,^IXIC,12017.66992
8/30/2022,^IXIC,11883.13965
8/31/2022,^IXIC,11816.2002
9/1/2022,^IXIC,11785.12988
9/2/2022,^IXIC,11630.86035
9/6/2022,^IXIC,11544.91016
9/7/2022,^IXIC,11791.90039
9/8/2022,^IXIC,11862.12988
9/9/2022,^IXIC,12112.30957
9/12/2022,^IXIC,12266.41016
9/13/2022,^IXIC,11633.57031
9/14/2022,^IXIC,11719.67969
9/15/2022,^IXIC,11552.36035
9/16/2022,^IXIC,11448.40039
9/19/2022,^IXIC,11535.01953
9/20/2022,^IXIC,11425.0498
9/21/2022,^IXIC,11220.19043
9/22/2022,^IXIC,11066.80957
9/23/2022,^IXIC,10867.92969
9/26/2022,^IXIC,10802.91992
9/27/2022,^IXIC,10829.5
9/28/2022,^IXIC,11051.63965
9/29/2022,^IXIC,10737.50977
9/30/2022,^IXIC,10575.62012
10/3/2022,^IXIC,10815.42969
10/4/2022,^IXIC,11176.41016
10/5/2022,^IXIC,11148.63965
10/6/2022,^IXIC,11073.30957
10/7/2022,^IXIC,10652.40039
10/10/2022,^IXIC,10542.09961
10/11/2022,^IXIC,10426.19043
10/12/2022,^IXIC,10417.09961
10/13/2022,^IXIC,10649.15039
10/14/2022,^IXIC,10321.38965
10/17/2022,^IXIC,10675.7998
10/18/2022,^IXIC,10772.40039
10/19/2022,^IXIC,10680.50977
10/20/2022,^IXIC,10614.83984
10/21/2022,^IXIC,10859.71973
10/24/2022,^IXIC,10952.61035
10/25/2022,^IXIC,11199.12012
10/26/2022,^IXIC,10970.99023
10/27/2022,^IXIC,10792.66992
10/28/2022,^IXIC,11102.4502
10/31/2022,^IXIC,10988.15039
11/1/2022,^IXIC,10890.84961
11/2/2022,^IXIC,10524.7998
11/3/2022,^IXIC,10342.94043
11/4/2022,^IXIC,10475.25
11/7/2022,^IXIC,10564.51953
11/8/2022,^IXIC,10616.2002
11/9/2022,^IXIC,10353.16992
11/10/2022,^IXIC,11114.15039
11/11/2022,^IXIC,11323.33008
11/14/2022,^IXIC,11196.21973
11/15/2022,^IXIC,11358.41016
11/16/2022,^IXIC,11183.66016
11/17/2022,^IXIC,11144.95996
11/18/2022,^IXIC,11146.05957
11/21/2022,^IXIC,11024.50977
11/22/2022,^IXIC,11174.41016
11/23/2022,^IXIC,11285.32031
11/25/2022,^IXIC,11226.36035
11/28/2022,^IXIC,11049.5
11/29/2022,^IXIC,10983.78027
11/30/2022,^IXIC,11468
12/1/2022,^IXIC,11482.4502
12/2/2022,^IXIC,11461.5
12/5/2022,^IXIC,11239.94043
12/6/2022,^IXIC,11014.88965
12/7/2022,^IXIC,10958.5498
12/8/2022,^IXIC,11082
12/9/2022,^IXIC,11004.62012
12/12/2022,^IXIC,11143.74023
12/13/2022,^IXIC,11256.80957
12/14/2022,^IXIC,11170.88965
12/15/2022,^IXIC,10810.53027
12/16/2022,^IXIC,10705.41016
12/19/2022,^IXIC,10546.03027
12/20/2022,^IXIC,10547.11035
12/21/2022,^IXIC,10709.37012
12/22/2022,^IXIC,10476.12012
12/23/2022,^IXIC,10497.86035
12/27/2022,^IXIC,10353.23047
12/28/2022,^IXIC,10213.29004
12/29/2022,^IXIC,10478.08984
12/30/2022,^IXIC,10466.48047
1/3/2023,^IXIC,10386.98047
1/4/2023,^IXIC,10458.75977
1/5/2023,^IXIC,10305.24023
1/6/2023,^IXIC,10569.29004
1/9/2023,^IXIC,10635.65039
1/10/2023,^IXIC,10742.62988
1/11/2023,^IXIC,10931.66992
1/12/2023,^IXIC,11001.09961
1/13/2023,^IXIC,11079.16016
1/17/2023,^IXIC,11095.11035
1/18/2023,^IXIC,10957.00977
1/19/2023,^IXIC,10852.26953
1/20/2023,^IXIC,11140.42969
1/23/2023,^IXIC,11364.41016
1/24/2023,^IXIC,11334.26953
1/25/2023,^IXIC,11313.36035
1/26/2023,^IXIC,11512.41016
1/27/2023,^IXIC,11621.70996
1/30/2023,^IXIC,11393.80957
1/31/2023,^IXIC,11584.5498
2/1/2023,^IXIC,11816.32031
2/2/2023,^IXIC,12200.82031
2/3/2023,^IXIC,12006.9502
2/6/2023,^IXIC,11887.4502
2/7/2023,^IXIC,12113.79004
2/8/2023,^IXIC,11910.51953
2/9/2023,^IXIC,11789.58008
2/10/2023,^IXIC,11718.12012
2/13/2023,^IXIC,11891.79004
2/14/2023,^IXIC,11960.15039
2/15/2023,^IXIC,12070.58984
2/16/2023,^IXIC,11855.83008
2/17/2023,^IXIC,11787.26953
2/21/2023,^IXIC,11492.2998
2/22/2023,^IXIC,11507.07031
2/23/2023,^IXIC,11590.40039
2/24/2023,^IXIC,11394.94043
2/27/2023,^IXIC,11466.98047
2/28/2023,^IXIC,11455.54004
3/1/2023,^IXIC,11379.48047
3/2/2023,^IXIC,11462.98047
3/3/2023,^IXIC,11689.00977
3/6/2023,^IXIC,11675.74023
3/7/2023,^IXIC,11530.33008
3/8/2023,^IXIC,11576
3/9/2023,^IXIC,11338.34961
3/10/2023,^IXIC,11138.88965
3/13/2023,^IXIC,11188.83984
3/14/2023,^IXIC,11428.15039
3/15/2023,^IXIC,11434.0498
3/16/2023,^IXIC,11717.28027
3/17/2023,^IXIC,11630.50977
3/20/2023,^IXIC,11675.54004
3/21/2023,^IXIC,11860.11035
3/22/2023,^IXIC,11669.95996
3/23/2023,^IXIC,11787.40039
3/24/2023,^IXIC,11823.95996
3/27/2023,^IXIC,11768.83984
3/28/2023,^IXIC,11716.08008
3/29/2023,^IXIC,11926.24023
3/30/2023,^IXIC,12013.46973
3/31/2023,^IXIC,12221.91016
4/3/2023,^IXIC,12189.4502
4/4/2023,^IXIC,12126.33008
4/5/2023,^IXIC,11996.86035
4/6/2023,^IXIC,12087.95996
4/10/2023,^IXIC,12084.36035
4/11/2023,^IXIC,12031.87988
4/12/2023,^IXIC,11929.33984
4/13/2023,^IXIC,12166.26953
4/14/2023,^IXIC,12123.46973
4/17/2023,^IXIC,12157.71973
4/18/2023,^IXIC,12153.41016
4/19/2023,^IXIC,12157.23047
4/20/2023,^IXIC,12059.55957
4/21/2023,^IXIC,12072.45996
4/24/2023,^IXIC,12037.2002
4/25/2023,^IXIC,11799.16016
4/26/2023,^IXIC,11854.34961
4/27/2023,^IXIC,12142.24023
4/28/2023,^IXIC,12226.58008
5/1/2023,^IXIC,12212.59961
5/2/2023,^IXIC,12080.50977
5/3/2023,^IXIC,12025.33008
5/4/2023,^IXIC,11966.40039
5/5/2023,^IXIC,12235.41016
5/8/2023,^IXIC,12256.91992
5/9/2023,^IXIC,12179.5498
5/10/2023,^IXIC,12306.44043
5/11/2023,^IXIC,12328.50977
5/12/2023,^IXIC,12284.74023
5/15/2023,^IXIC,12365.20996
5/16/2023,^IXIC,12343.0498
5/17/2023,^IXIC,12500.57031
5/18/2023,^IXIC,12688.83984
5/19/2023,^IXIC,12657.90039
5/22/2023,^IXIC,12720.78027
5/23/2023,^IXIC,12560.25
5/24/2023,^IXIC,12484.16016
5/25/2023,^IXIC,12698.08984
5/26/2023,^IXIC,12975.69043
5/30/2023,^IXIC,13017.42969
5/31/2023,^IXIC,12935.29004
6/1/2023,^IXIC,13100.98047
6/2/2023,^IXIC,13240.76953
6/5/2023,^IXIC,13229.42969
6/6/2023,^IXIC,13276.41992
6/7/2023,^IXIC,13104.90039
6/8/2023,^IXIC,13238.51953
6/9/2023,^IXIC,13259.13965
6/12/2023,^IXIC,13461.91992
6/13/2023,^IXIC,13573.32031
6/14/2023,^IXIC,13626.48047
6/15/2023,^IXIC,13782.82031
6/16/2023,^IXIC,13689.57031
6/20/2023,^IXIC,13667.29004
6/21/2023,^IXIC,13502.2002
6/22/2023,^IXIC,13630.61035
6/23/2023,^IXIC,13492.51953
6/26/2023,^IXIC,13335.78027
6/27/2023,^IXIC,13555.66992
6/28/2023,^IXIC,13591.75
6/29/2023,^IXIC,13591.33008
6/30/2023,^IXIC,13787.91992
7/3/2023,^IXIC,13816.76953
7/5/2023,^IXIC,13791.65039
7/6/2023,^IXIC,13679.04004
7/7/2023,^IXIC,13660.71973
7/10/2023,^IXIC,13685.48047
7/11/2023,^IXIC,13760.7002
7/12/2023,^IXIC,13918.95996
7/13/2023,^IXIC,14138.57031
7/14/2023,^IXIC,14113.7002
7/17/2023,^IXIC,14244.9502
7/18/2023,^IXIC,14353.63965
7/19/2023,^IXIC,14358.01953
7/20/2023,^IXIC,14063.30957
7/21/2023,^IXIC,14032.80957
7/24/2023,^IXIC,14058.87012
7/25/2023,^IXIC,14144.55957
7/26/2023,^IXIC,14127.28027
7/27/2023,^IXIC,14050.11035
7/28/2023,^IXIC,14316.66016
7/31/2023,^IXIC,14346.01953
8/1/2023,^IXIC,14283.91016
8/2/2023,^IXIC,13973.4502
8/3/2023,^IXIC,13959.71973
8/4/2023,^IXIC,13909.24023
8/7/2023,^IXIC,13994.40039
8/8/2023,^IXIC,13884.32031
8/9/2023,^IXIC,13722.01953
8/10/2023,^IXIC,13737.99023
8/11/2023,^IXIC,13644.84961
8/14/2023,^IXIC,13788.33008
8/15/2023,^IXIC,13631.0498
8/16/2023,^IXIC,13474.62988
8/17/2023,^IXIC,13316.92969
8/18/2023,^IXIC,13290.78027
8/21/2023,^IXIC,13497.58984
8/22/2023,^IXIC,13505.87012
8/23/2023,^IXIC,13721.03027
8/24/2023,^IXIC,13463.96973
8/25/2023,^IXIC,13590.65039
8/28/2023,^IXIC,13705.12988
8/29/2023,^IXIC,13943.75977
8/30/2023,^IXIC,14019.30957
8/31/2023,^IXIC,14034.96973
9/1/2023,^IXIC,14031.80957
9/5/2023,^IXIC,14020.9502
9/6/2023,^IXIC,13872.46973
9/7/2023,^IXIC,13748.83008
9/8/2023,^IXIC,13761.53027
9/11/2023,^IXIC,13917.88965
9/12/2023,^IXIC,13773.61035
9/13/2023,^IXIC,13813.58984
9/14/2023,^IXIC,13926.0498
9/15/2023,^IXIC,13708.33008
9/18/2023,^IXIC,13710.24023
9/19/2023,^IXIC,13678.19043
9/20/2023,^IXIC,13469.12988
9/21/2023,^IXIC,13223.98047
9/22/2023,^IXIC,13211.80957
9/25/2023,^IXIC,13271.32031
9/26/2023,^IXIC,13063.61035
9/27/2023,^IXIC,13092.84961
9/28/2023,^IXIC,13201.28027
9/29/2023,^IXIC,13219.32031
10/2/2023,^IXIC,13307.76953
10/3/2023,^IXIC,13059.46973
10/4/2023,^IXIC,13236.00977
10/5/2023,^IXIC,13219.83008
10/6/2023,^IXIC,13431.33984
10/9/2023,^IXIC,13484.24023
10/10/2023,^IXIC,13562.83984
10/11/2023,^IXIC,13659.67969
10/12/2023,^IXIC,13574.21973
10/13/2023,^IXIC,13407.23047
10/16/2023,^IXIC,13567.98047
10/17/2023,^IXIC,13533.75
10/18/2023,^IXIC,13314.2998
10/19/2023,^IXIC,13186.17969
10/20/2023,^IXIC,12983.80957
10/23/2023,^IXIC,13018.33008
10/24/2023,^IXIC,13139.87012
10/25/2023,^IXIC,12821.21973
10/26/2023,^IXIC,12595.61035
10/27/2023,^IXIC,12643.00977
10/30/2023,^IXIC,12789.48047
10/31/2023,^IXIC,12851.24023
11/1/2023,^IXIC,13061.46973
11/2/2023,^IXIC,13294.19043
11/3/2023,^IXIC,13478.28027
11/6/2023,^IXIC,13518.78027
11/7/2023,^IXIC,13639.86035
11/8/2023,^IXIC,13650.41016
11/9/2023,^IXIC,13521.4502
11/10/2023,^IXIC,13798.11035
11/13/2023,^IXIC,13767.74023
11/14/2023,^IXIC,14094.37988
11/15/2023,^IXIC,14103.83984
11/16/2023,^IXIC,14113.66992
11/17/2023,^IXIC,14125.48047
11/20/2023,^IXIC,14284.53027
11/21/2023,^IXIC,14199.98047
11/22/2023,^IXIC,14265.86035
11/24/2023,^IXIC,14250.84961
11/27/2023,^IXIC,14241.01953
11/28/2023,^IXIC,14281.75977
11/29/2023,^IXIC,14258.49023
11/30/2023,^IXIC,14226.21973
12/1/2023,^IXIC,14305.03027
12/4/2023,^IXIC,14185.49023
12/5/2023,^IXIC,14229.91016
12/6/2023,^IXIC,14146.70996
12/7/2023,^IXIC,14339.99023
12/8/2023,^IXIC,14403.96973
12/11/2023,^IXIC,14432.49023
12/12/2023,^IXIC,14533.40039
12/13/2023,^IXIC,14733.95996
12/14/2023,^IXIC,14761.55957
12/15/2023,^IXIC,14813.91992
12/18/2023,^IXIC,14904.80957
12/19/2023,^IXIC,15003.21973
12/20/2023,^IXIC,14777.94043
12/21/2023,^IXIC,14963.87012
12/22/2023,^IXIC,14992.96973
12/26/2023,^IXIC,15074.57031
12/27/2023,^IXIC,15099.17969
12/28/2023,^IXIC,15095.13965
12/29/2023,^IXIC,15011.34961
1/2/2024,^IXIC,14765.94043
1/3/2024,^IXIC,14592.20996
1/4/2024,^IXIC,14510.2998
1/5/2024,^IXIC,14524.07031
1/8/2024,^IXIC,14843.76953
1/9/2024,^IXIC,14857.70996
1/10/2024,^IXIC,14969.65039
1/11/2024,^IXIC,14970.19043
1/12/2024,^IXIC,14972.75977
1/16/2024,^IXIC,14944.34961
1/17/2024,^IXIC,14855.62012
1/18/2024,^IXIC,15055.65039
1/19/2024,^IXIC,15310.96973
1/22/2024,^IXIC,15360.29004
1/23/2024,^IXIC,15425.94043
1/24/2024,^IXIC,15481.91992
1/25/2024,^IXIC,15510.5
1/26/2024,^IXIC,15455.36035
1/29/2024,^IXIC,15628.04004
1/30/2024,^IXIC,15509.90039
1/31/2024,^IXIC,15164.00977
2/1/2024,^IXIC,15361.63965
2/2/2024,^IXIC,15628.9502
2/5/2024,^IXIC,15597.67969
2/6/2024,^IXIC,15609
2/7/2024,^IXIC,15756.63965
2/8/2024,^IXIC,15793.70996
2/9/2024,^IXIC,15990.66016
2/12/2024,^IXIC,15942.5498
2/13/2024,^IXIC,15655.59961
2/14/2024,^IXIC,15859.15039
2/15/2024,^IXIC,15906.16992
2/16/2024,^IXIC,15775.65039
2/20/2024,^IXIC,15630.78027
2/21/2024,^IXIC,15580.87012
2/22/2024,^IXIC,16041.62012
2/23/2024,^IXIC,15996.82031
2/26/2024,^IXIC,15976.25
2/27/2024,^IXIC,16035.2998
2/28/2024,^IXIC,15947.74023
2/29/2024,^IXIC,16091.91992
3/1/2024,^IXIC,16274.94043
3/4/2024,^IXIC,16207.50977
3/5/2024,^IXIC,15939.58984
3/6/2024,^IXIC,16031.54004
3/7/2024,^IXIC,16273.37988
3/8/2024,^IXIC,16085.11035
3/11/2024,^IXIC,16019.26953
3/12/2024,^IXIC,16265.63965
3/13/2024,^IXIC,16177.76953
3/14/2024,^IXIC,16128.53027
3/15/2024,^IXIC,15973.16992
3/18/2024,^IXIC,16103.4502
3/19/2024,^IXIC,16166.79004
3/20/2024,^IXIC,16369.41016
3/21/2024,^IXIC,16401.83984
3/22/2024,^IXIC,16428.82031
3/25/2024,^IXIC,16384.4707
3/26/2024,^IXIC,16315.7002
3/27/2024,^IXIC,16399.51953
3/28/2024,^IXIC,16379.45996
4/1/2024,^IXIC,16396.83008
4/2/2024,^IXIC,16240.4502
4/3/2024,^IXIC,16277.45996
4/4/2024,^IXIC,16049.08008
4/5/2024,^IXIC,16248.51953
4/8/2024,^IXIC,16253.95996
4/9/2024,^IXIC,16306.63965
4/10/2024,^IXIC,16170.36035
4/11/2024,^IXIC,16442.19922
4/12/2024,^IXIC,16175.08984
4/15/2024,^IXIC,15885.01953
4/16/2024,^IXIC,15865.25
4/17/2024,^IXIC,15683.37012
4/18/2024,^IXIC,15601.5
4/19/2024,^IXIC,15282.00977
4/22/2024,^IXIC,15451.30957
4/23/2024,^IXIC,15696.63965
4/24/2024,^IXIC,15712.75
4/25/2024,^IXIC,15611.75977
4/26/2024,^IXIC,15927.90039
4/29/2024,^IXIC,15983.08008
4/30/2024,^IXIC,15657.82031
5/1/2024,^IXIC,15605.48047
5/2/2024,^IXIC,15840.95996
5/3/2024,^IXIC,16156.33008
5/6/2024,^IXIC,16349.25
5/7/2024,^IXIC,16332.55957
5/8/2024,^IXIC,16302.75977
5/9/2024,^IXIC,16346.25977
5/10/2024,^IXIC,16340.87012
5/13/2024,^IXIC,16388.24023
5/14/2024,^IXIC,16511.17969
5/15/2024,^IXIC,16742.39063
5/16/2024,^IXIC,16698.32031
5/17/2024,^IXIC,16685.9707
5/20/2024,^IXIC,16794.86914
5/21/2024,^IXIC,16832.61914
5/22/2024,^IXIC,16801.53906
5/23/2024,^IXIC,16736.0293
5/24/2024,^IXIC,16920.78906
5/28/2024,^IXIC,17019.88086
5/29/2024,^IXIC,16920.58008
5/30/2024,^IXIC,16737.08008
5/31/2024,^IXIC,16735.01953
6/3/2024,^IXIC,16828.66992
6/4/2024,^IXIC,16857.05078
6/5/2024,^IXIC,17187.90039
6/6/2024,^IXIC,17173.11914
6/7/2024,^IXIC,17133.13086
6/10/2024,^IXIC,17192.5293
6/11/2024,^IXIC,17343.55078
6/12/2024,^IXIC,17608.43945
6/13/2024,^IXIC,17667.56055
6/14/2024,^IXIC,17688.88086
6/17/2024,^IXIC,17857.01953
6/18/2024,^IXIC,17862.23047
6/20/2024,^IXIC,17721.58984
6/21/2024,^IXIC,17689.35938
6/24/2024,^IXIC,17496.82031
6/25/2024,^IXIC,17717.65039
6/26/2024,^IXIC,17805.16016
6/27/2024,^IXIC,17858.67969
6/28/2024,^IXIC,17732.59961
7/1/2024,^IXIC,17879.30078
7/2/2024,^IXIC,18028.75977
7/3/2024,^IXIC,18188.30078
7/5/2024,^IXIC,18352.75977
7/8/2024,^IXIC,18403.74023
7/9/2024,^IXIC,18429.28906
7/10/2024,^IXIC,18647.44922
7/11/2024,^IXIC,18283.41016
7/12/2024,^IXIC,18398.44922
7/15/2024,^IXIC,18472.57031
7/16/2024,^IXIC,18509.33984
7/17/2024,^IXIC,17996.91992
7/18/2024,^IXIC,17871.2207
7/19/2024,^IXIC,17726.93945
7/22/2024,^IXIC,18007.57031
7/23/2024,^IXIC,17997.34961
7/24/2024,^IXIC,17342.41016
7/25/2024,^IXIC,17181.7207
7/26/2024,^IXIC,17357.88086
7/29/2024,^IXIC,17370.19922
7/30/2024,^IXIC,17147.41992
7/31/2024,^IXIC,17599.40039
8/1/2024,^IXIC,17194.15039
8/2/2024,^IXIC,16776.16016
8/5/2024,^IXIC,16200.08008
8/6/2024,^IXIC,16366.84961
8/7/2024,^IXIC,16195.80957
8/8/2024,^IXIC,16660.01953
8/9/2024,^IXIC,16745.30078
8/12/2024,^IXIC,16780.60938
8/13/2024,^IXIC,17187.60938
8/14/2024,^IXIC,17192.59961
8/15/2024,^IXIC,17594.5
8/16/2024,^IXIC,17631.7207
8/19/2024,^IXIC,17876.76953
8/20/2024,^IXIC,17816.93945
8/21/2024,^IXIC,17918.99023
8/22/2024,^IXIC,17619.34961
8/23/2024,^IXIC,17877.78906
8/26/2024,^IXIC,17725.76953
8/27/2024,^IXIC,17754.82031
8/28/2024,^IXIC,17556.0293
8/29/2024,^IXIC,17516.42969
8/30/2024,^IXIC,17713.61914
9/3/2024,^IXIC,17136.30078
9/4/2024,^IXIC,17084.30078
9/5/2024,^IXIC,17127.66016
9/6/2024,^IXIC,16690.83008
9/9/2024,^IXIC,16884.59961
9/10/2024,^IXIC,17025.88086
9/11/2024,^IXIC,17395.5293
9/12/2024,^IXIC,17569.67969
9/13/2024,^IXIC,17683.98047
9/16/2024,^IXIC,17592.13086
9/17/2024,^IXIC,17628.06055
9/18/2024,^IXIC,17573.30078
9/19/2024,^IXIC,18013.98047
9/20/2024,^IXIC,17948.32031
9/23/2024,^IXIC,17974.26953
9/24/2024,^IXIC,18074.51953
9/25/2024,^IXIC,18082.21094
9/26/2024,^IXIC,18190.28906
9/27/2024,^IXIC,18119.58984
9/30/2024,^IXIC,18189.16992
10/1/2024,^IXIC,17910.35938
10/2/2024,^IXIC,17925.11914
10/3/2024,^IXIC,17918.48047
10/4/2024,^IXIC,18137.84961
10/7/2024,^IXIC,17923.90039
10/8/2024,^IXIC,18182.91992
10/9/2024,^IXIC,18291.61914
10/10/2024,^IXIC,18282.05078
10/11/2024,^IXIC,18342.93945
10/14/2024,^IXIC,18502.68945
10/15/2024,^IXIC,18315.58984
10/16/2024,^IXIC,18367.08008
10/17/2024,^IXIC,18373.60938
10/18/2024,^IXIC,18489.55078
10/21/2024,^IXIC,18540.00977
10/22/2024,^IXIC,18579.76953
10/23/2024,^IXIC,18276.65039
10/24/2024,^IXIC,18415.49023
10/25/2024,^IXIC,18518.60938
10/28/2024,^IXIC,18567.18945
10/29/2024,^IXIC,18712.75
10/30/2024,^IXIC,18607.92969
10/31/2024,^IXIC,18095.15039
11/1/2024,^IXIC,18239.91992
11/4/2024,^IXIC,18179.98047
11/5/2024,^IXIC,18439.16992
11/6/2024,^IXIC,18983.4707
11/7/2024,^IXIC,19269.46094
11/8/2024,^IXIC,19286.7793
11/11/2024,^IXIC,19298.75977
11/12/2024,^IXIC,19281.40039
11/13/2024,^IXIC,19230.7207
11/14/2024,^IXIC,19107.65039
11/15/2024,^IXIC,18680.11914
11/18/2024,^IXIC,18791.81055
11/19/2024,^IXIC,18987.4707
11/20/2024,^IXIC,18966.14063
11/21/2024,^IXIC,18972.41992
11/22/2024,^IXIC,19003.65039
11/25/2024,^IXIC,19054.83984
11/26/2024,^IXIC,19174.30078
11/27/2024,^IXIC,19060.48047
11/29/2024,^IXIC,19218.16992
12/2/2024,^IXIC,19403.94922
12/3/2024,^IXIC,19480.91016
12/4/2024,^IXIC,19735.11914
12/5/2024,^IXIC,19700.25977
12/6/2024,^IXIC,19859.76953
12/9/2024,^IXIC,19736.68945
12/10/2024,^IXIC,19687.24023
12/11/2024,^IXIC,20034.89063
12/12/2024,^IXIC,19902.83984
12/13/2024,^IXIC,19926.7207
12/16/2024,^IXIC,20173.89063
12/17/2024,^IXIC,20109.06055
12/18/2024,^IXIC,19392.68945
12/19/2024,^IXIC,19372.76953
12/20/2024,^IXIC,19572.59961
12/23/2024,^IXIC,19764.88086
12/24/2024,^IXIC,20031.13086
12/26/2024,^IXIC,20020.35938
12/27/2024,^IXIC,19722.0293
12/30/2024,^IXIC,19486.78906
12/31/2024,^IXIC,19310.78906
1/2/2025,^IXIC,19280.78906
1/3/2025,^IXIC,19621.67969
1/6/2025,^IXIC,19864.98047
1/7/2025,^IXIC,19489.67969
1/8/2025,^IXIC,19478.88086
1/10/2025,^IXIC,19161.63086
1/13/2025,^IXIC,19088.09961
1/14/2025,^IXIC,19044.39063
1/15/2025,^IXIC,19511.23047
1/16/2025,^IXIC,19338.28906
1/17/2025,^IXIC,19630.19922
1/21/2025,^IXIC,19756.7793
1/22/2025,^IXIC,20009.33984
1/23/2025,^IXIC,20053.67969
1/24/2025,^IXIC,19954.30078
1/27/2025,^IXIC,19341.83008
1/28/2025,^IXIC,19733.58984
1/29/2025,^IXIC,19632.32031
1/30/2025,^IXIC,19681.75
1/31/2025,^IXIC,19627.43945
2/3/2025,^IXIC,19391.96094
2/4/2025,^IXIC,19654.01953
2/5/2025,^IXIC,19692.33008
2/6/2025,^IXIC,19791.99023
2/7/2025,^IXIC,19523.40039
2/10/2025,^IXIC,19714.26953
2/11/2025,^IXIC,19643.85938
2/12/2025,^IXIC,19649.94922
2/13/2025,^IXIC,19945.64063
2/14/2025,^IXIC,20026.76953
2/18/2025,^IXIC,20041.25977
2/19/2025,^IXIC,20056.25
2/20/2025,^IXIC,19962.35938
2/21/2025,^IXIC,19524.00977
2/24/2025,^IXIC,19286.92969
2/25/2025,^IXIC,19026.39063
2/26/2025,^IXIC,19075.25977
2/27/2025,^IXIC,18544.41992
2/28/2025,^IXIC,18847.2793
3/3/2025,^IXIC,18350.18945
3/4/2025,^IXIC,18285.16016
3/5/2025,^IXIC,18552.73047
3/6/2025,^IXIC,18069.25977
3/7/2025,^IXIC,18196.2207
3/10/2025,^IXIC,17468.32031
3/11/2025,^IXIC,17436.09961
3/12/2025,^IXIC,17648.44922
3/13/2025,^IXIC,17303.00977
3/14/2025,^IXIC,17754.08984
3/17/2025,^IXIC,17808.66016
3/18/2025,^IXIC,17504.11914
3/19/2025,^IXIC,17750.78906
3/20/2025,^IXIC,17691.63086
3/21/2025,^IXIC,17784.05078
3/24/2025,^IXIC,18188.58984
3/25/2025,^IXIC,18271.85938
3/26/2025,^IXIC,17899.01953
3/27/2025,^IXIC,17804.0293
3/28/2025,^IXIC,17322.99023
3/31/2025,^IXIC,17299.28906
4/1/2025,^IXIC,17449.89063
4/2/2025,^IXIC,17601.05078
4/3/2025,^IXIC,16550.60938
4/4/2025,^IXIC,15587.79004
4/7/2025,^IXIC,15603.25977
4/8/2025,^IXIC,15267.91016
4/9/2025,^IXIC,17124.9707
4/10/2025,^IXIC,16387.31055
4/11/2025,^IXIC,16724.46094
4/14/2025,^IXIC,16831.48047
4/15/2025,^IXIC,16823.16992
4/16/2025,^IXIC,16307.16016
4/17/2025,^IXIC,16286.4502
4/21/2025,^IXIC,15870.90039
4/22/2025,^IXIC,16300.41992
4/23/2025,^IXIC,16708.05078
4/24/2025,^IXIC,17166.03906
4/25/2025,^IXIC,17382.93945
4/28/2025,^IXIC,17366.13086
4/29/2025,^IXIC,17461.32031
4/30/2025,^IXIC,17446.33984
5/1/2025,^IXIC,17710.74023
5/2/2025,^IXIC,17977.73047
5/5/2025,^IXIC,17844.24023
5/6/2025,^IXIC,17689.66016
5/7/2025,^IXIC,17738.16016
5/8/2025,^IXIC,17928.14063
5/9/2025,^IXIC,17928.91992
5/12/2025,^IXIC,18708.33984
5/13/2025,^IXIC,19010.08984
5/14/2025,^IXIC,19146.81055
5/15/2025,^IXIC,19112.32031
5/16/2025,^IXIC,19211.09961
5/19/2025,^IXIC,19215.46094
5/20/2025,^IXIC,19142.71094
5/21/2025,^IXIC,18872.64063
5/22/2025,^IXIC,18925.74023
5/23/2025,^IXIC,18737.21094
5/27/2025,^IXIC,19199.16016
5/28/2025,^IXIC,19100.93945
5/29/2025,^IXIC,19175.86914
5/30/2025,^IXIC,19113.76953
6/2/2025,^IXIC,19242.60938
6/3/2025,^IXIC,19398.96094
6/4/2025,^IXIC,19460.49023
6/5/2025,^IXIC,19298.44922
6/6/2025,^IXIC,19529.94922
6/9/2025,^IXIC,19591.24023
6/10/2025,^IXIC,19714.99023
6/11/2025,^IXIC,19615.88086
6/12/2025,^IXIC,19662.49023
6/13/2025,^IXIC,19406.83008
6/16/2025,^IXIC,19701.21094
6/17/2025,^IXIC,19521.08984
6/18/2025,^IXIC,19546.26953
6/20/2025,^IXIC,19447.41016
6/23/2025,^IXIC,19630.9707
6/24/2025,^IXIC,19912.5293
6/25/2025,^IXIC,19973.55078
6/26/2025,^IXIC,20167.91016
6/27/2025,^IXIC,20273.46094
6/30/2025,^IXIC,20369.73047
7/1/2025,^IXIC,20202.89063
7/2/2025,^IXIC,20393.13086
7/3/2025,^IXIC,20601.09961
7/7/2025,^IXIC,20412.51953
7/8/2025,^IXIC,20418.46094
7/9/2025,^IXIC,20611.33984
7/10/2025,^IXIC,20630.66016
7/11/2025,^IXIC,20585.5293
7/14/2025,^IXIC,20640.33008
7/15/2025,^IXIC,20677.80078
7/16/2025,^IXIC,20730.49023
7/17/2025,^IXIC,20885.65039
7/18/2025,^IXIC,20895.65039
7/21/2025,^IXIC,20974.17969
7/22/2025,^IXIC,20892.68945
7/23/2025,^IXIC,21020.01953
7/24/2025,^IXIC,21057.96094
7/25/2025,^IXIC,21108.32031
7/28/2025,^IXIC,21178.58008
7/29/2025,^IXIC,21098.28906
7/30/2025,^IXIC,21129.66992
7/31/2025,^IXIC,21122.44922
8/1/2025,^IXIC,20650.13086
8/4/2025,^IXIC,21053.58008
8/5/2025,^IXIC,20916.55078
8/6/2025,^IXIC,21169.41992
8/7/2025,^IXIC,21242.69922
8/8/2025,^IXIC,21450.01953
8/11/2025,^IXIC,21385.40039
8/12/2025,^IXIC,21681.90039
8/13/2025,^IXIC,21713.14063
8/14/2025,^IXIC,21710.66992
8/15/2025,^IXIC,21622.98047
8/18/2025,^IXIC,21629.76953
8/19/2025,^IXIC,21314.94922
8/20/2025,^IXIC,21172.85938
8/21/2025,^IXIC,21100.31055
8/22/2025,^IXIC,21496.53906
8/25/2025,^IXIC,21449.28906
8/26/2025,^IXIC,21544.26953
8/27/2025,^IXIC,21590.14063
8/28/2025,^IXIC,21705.16016
8/29/2025,^IXIC,21455.55078
9/2/2025,^IXIC,21279.63086
9/3/2025,^IXIC,21497.73047
9/4/2025,^IXIC,21707.68945
9/5/2025,^IXIC,21700.39063
9/8/2025,^IXIC,21798.69922
9/9/2025,^IXIC,21879.49023
9/10/2025,^IXIC,21886.06055
9/11/2025,^IXIC,22043.07031
9/12/2025,^IXIC,22141.09961
9/15/2025,^IXIC,22348.75
9/16/2025,^IXIC,22333.96094
9/17/2025,^IXIC,22261.33008
9/18/2025,^IXIC,22470.7207
9/19/2025,^IXIC,22631.48047
9/22/2025,^IXIC,22788.98047
9/23/2025,^IXIC,22573.4707
9/24/2025,^IXIC,22497.85938
9/25/2025,^IXIC,22384.69922
9/26/2025,^IXIC,22484.07031
9/29/2025,^IXIC,22591.15039
9/30/2025,^IXIC,22660.00977
10/1/2025,^IXIC,22755.16016
10/2/2025,^IXIC,22844.05078
10/3/2025,^IXIC,22780.50977
10/6/2025,^IXIC,22941.66992
10/7/2025,^IXIC,22788.35938
10/8/2025,^IXIC,23043.38086
10/9/2025,^IXIC,23024.63086
10/10/2025,^IXIC,22204.42969
10/13/2025,^IXIC,22694.60938
10/14/2025,^IXIC,22521.69922
10/15/2025,^IXIC,22670.08008
10/16/2025,^IXIC,22562.53906
10/17/2025,^IXIC,22679.9707
10/20/2025,^IXIC,22990.53906
10/21/2025,^IXIC,22953.66992
10/22/2025,^IXIC,22740.40039
10/23/2025,^IXIC,22941.80078
10/24/2025,^IXIC,23204.86914
10/27/2025,^IXIC,23637.46094
10/28/2025,^IXIC,23827.49023
10/29/2025,^IXIC,23958.4707
10/30/2025,^IXIC,23581.14063
10/31/2025,^IXIC,23724.96094
11/3/2025,^IXIC,23834.7207
11/4/2025,^IXIC,23348.64063
11/5/2025,^IXIC,23499.80078
11/6/2025,^IXIC,23053.99023
11/7/2025,^IXIC,23004.53906
11/10/2025,^IXIC,23527.16992
11/11/2025,^IXIC,23468.30078
11/12/2025,^IXIC,23406.46094
11/13/2025,^IXIC,22870.35938
11/14/2025,^IXIC,22900.58984
11/17/2025,^IXIC,22708.07031
11/18/2025,^IXIC,22432.84961
11/19/2025,^IXIC,22564.23047
11/20/2025,^IXIC,22078.05078
11/21/2025,^IXIC,22273.08008
11/24/2025,^IXIC,22872.00977
11/25/2025,^IXIC,23025.58984
11/26/2025,^IXIC,23214.68945
11/28/2025,^IXIC,23365.68945
12/1/2025,^IXIC,23275.91992
12/2/2025,^IXIC,23413.66992
12/3/2025,^IXIC,23454.08984
12/4/2025,^IXIC,23505.14063
12/5/2025,^IXIC,23578.13086
12/8/2025,^IXIC,23545.90039
12/9/2025,^IXIC,23576.49023
12/10/2025,^IXIC,23654.15039
12/11/2025,^IXIC,23593.85938
12/12/2025,^IXIC,23195.16992
12/15/2025,^IXIC,23057.41016
12/16/2025,^IXIC,23111.46094
12/17/2025,^IXIC,22693.32031
12/18/2025,^IXIC,23006.35938
12/19/2025,^IXIC,23307.61914
12/22/2025,^IXIC,23428.83008
12/23/2025,^IXIC,23561.83984
12/24/2025,^IXIC,23613.31055
12/26/2025,^IXIC,23593.09961
12/29/2025,^IXIC,23474.34961
12/30/2025,^IXIC,23419.08008
12/31/2025,^IXIC,23241.99023
1/2/2026,^IXIC,23235.63086
1/5/2026,^IXIC,23395.82031
1/6/2026,^IXIC,23547.16992
1/7/2026,^IXIC,23584.2793
1/8/2026,^IXIC,23480.01953
1/9/2026,^IXIC,23671.34961
1/12/2026,^IXIC,23733.90039
1/13/2026,^IXIC,23709.86914
1/14/2026,^IXIC,23471.75
1/15/2026,^IXIC,23530.01953
1/16/2026,^IXIC,23515.39063
1/20/2026,^IXIC,22954.32031
1/21/2026,^IXIC,23224.82031
1/22/2026,^IXIC,23436.01953
1/23/2026,^IXIC,23501.24023
1/26/2026,^IXIC,23601.35938
1/27/2026,^IXIC,23817.09961
1/28/2026,^IXIC,23857.44922
1/29/2026,^IXIC,23685.11914
1/30/2026,^IXIC,23461.82031
1/1/2020,^NSEI,12182.5
1/2/2020,^NSEI,12282.2002
1/3/2020,^NSEI,12226.65039
1/6/2020,^NSEI,11993.0498
1/7/2020,^NSEI,12052.9502
1/8/2020,^NSEI,12025.34961
1/9/2020,^NSEI,12215.90039
1/10/2020,^NSEI,12256.7998
1/13/2020,^NSEI,12329.5498
1/14/2020,^NSEI,12362.2998
1/15/2020,^NSEI,12343.2998
1/16/2020,^NSEI,12355.5
1/17/2020,^NSEI,12352.34961
1/20/2020,^NSEI,12224.5498
1/21/2020,^NSEI,12169.84961
1/22/2020,^NSEI,12106.90039
1/23/2020,^NSEI,12180.34961
1/24/2020,^NSEI,12248.25
1/27/2020,^NSEI,12119
1/28/2020,^NSEI,12055.7998
1/29/2020,^NSEI,12129.5
1/30/2020,^NSEI,12035.7998
1/31/2020,^NSEI,11962.09961
2/3/2020,^NSEI,11707.90039
2/4/2020,^NSEI,11979.65039
2/5/2020,^NSEI,12089.15039
2/6/2020,^NSEI,12137.9502
2/7/2020,^NSEI,12098.34961
2/10/2020,^NSEI,12031.5
2/11/2020,^NSEI,12107.90039
2/12/2020,^NSEI,12201.2002
2/13/2020,^NSEI,12174.65039
2/14/2020,^NSEI,12113.4502
2/17/2020,^NSEI,12045.7998
2/18/2020,^NSEI,11992.5
2/19/2020,^NSEI,12125.90039
2/20/2020,^NSEI,12080.84961
2/24/2020,^NSEI,11829.40039
2/25/2020,^NSEI,11797.90039
2/26/2020,^NSEI,11678.5
2/27/2020,^NSEI,11633.2998
2/28/2020,^NSEI,11201.75
3/2/2020,^NSEI,11132.75
3/3/2020,^NSEI,11303.2998
3/4/2020,^NSEI,11251
3/5/2020,^NSEI,11269
3/6/2020,^NSEI,10989.4502
3/9/2020,^NSEI,10451.4502
3/11/2020,^NSEI,10458.40039
3/12/2020,^NSEI,9590.150391
3/13/2020,^NSEI,9955.200195
3/16/2020,^NSEI,9197.400391
3/17/2020,^NSEI,8967.049805
3/18/2020,^NSEI,8468.799805
3/19/2020,^NSEI,8263.450195
3/20/2020,^NSEI,8745.450195
3/23/2020,^NSEI,7610.25
3/24/2020,^NSEI,7801.049805
3/25/2020,^NSEI,8317.849609
3/26/2020,^NSEI,8641.450195
3/27/2020,^NSEI,8660.25
3/30/2020,^NSEI,8281.099609
3/31/2020,^NSEI,8597.75
4/1/2020,^NSEI,8253.799805
4/3/2020,^NSEI,8083.799805
4/7/2020,^NSEI,8792.200195
4/8/2020,^NSEI,8748.75
4/9/2020,^NSEI,9111.900391
4/13/2020,^NSEI,8993.849609
4/15/2020,^NSEI,8925.299805
4/16/2020,^NSEI,8992.799805
4/17/2020,^NSEI,9266.75
4/20/2020,^NSEI,9261.849609
4/21/2020,^NSEI,8981.450195
4/22/2020,^NSEI,9187.299805
4/23/2020,^NSEI,9313.900391
4/24/2020,^NSEI,9154.400391
4/27/2020,^NSEI,9282.299805
4/28/2020,^NSEI,9380.900391
4/29/2020,^NSEI,9553.349609
4/30/2020,^NSEI,9859.900391
5/4/2020,^NSEI,9293.5
5/5/2020,^NSEI,9205.599609
5/6/2020,^NSEI,9270.900391
5/7/2020,^NSEI,9199.049805
5/8/2020,^NSEI,9251.5
5/11/2020,^NSEI,9239.200195
5/12/2020,^NSEI,9196.549805
5/13/2020,^NSEI,9383.549805
5/14/2020,^NSEI,9142.75
5/15/2020,^NSEI,9136.849609
5/18/2020,^NSEI,8823.25
5/19/2020,^NSEI,8879.099609
5/20/2020,^NSEI,9066.549805
5/21/2020,^NSEI,9106.25
5/22/2020,^NSEI,9039.25
5/26/2020,^NSEI,9029.049805
5/27/2020,^NSEI,9314.950195
5/28/2020,^NSEI,9490.099609
5/29/2020,^NSEI,9580.299805
6/1/2020,^NSEI,9826.150391
6/2/2020,^NSEI,9979.099609
6/3/2020,^NSEI,10061.5498
6/4/2020,^NSEI,10029.09961
6/5/2020,^NSEI,10142.15039
6/8/2020,^NSEI,10167.4502
6/9/2020,^NSEI,10046.65039
6/10/2020,^NSEI,10116.15039
6/11/2020,^NSEI,9902
6/12/2020,^NSEI,9972.900391
6/15/2020,^NSEI,9813.700195
6/16/2020,^NSEI,9914
6/17/2020,^NSEI,9881.150391
6/18/2020,^NSEI,10091.65039
6/19/2020,^NSEI,10244.40039
6/22/2020,^NSEI,10311.2002
6/23/2020,^NSEI,10471
6/24/2020,^NSEI,10305.2998
6/25/2020,^NSEI,10288.90039
6/26/2020,^NSEI,10383
6/29/2020,^NSEI,10312.40039
6/30/2020,^NSEI,10302.09961
7/1/2020,^NSEI,10430.0498
7/2/2020,^NSEI,10551.7002
7/3/2020,^NSEI,10607.34961
7/6/2020,^NSEI,10763.65039
7/7/2020,^NSEI,10799.65039
7/8/2020,^NSEI,10705.75
7/9/2020,^NSEI,10813.4502
7/10/2020,^NSEI,10768.0498
7/13/2020,^NSEI,10802.7002
7/14/2020,^NSEI,10607.34961
7/15/2020,^NSEI,10618.2002
7/16/2020,^NSEI,10739.9502
7/17/2020,^NSEI,10901.7002
7/20/2020,^NSEI,11022.2002
7/21/2020,^NSEI,11162.25
7/22/2020,^NSEI,11132.59961
7/23/2020,^NSEI,11215.4502
7/24/2020,^NSEI,11194.15039
7/27/2020,^NSEI,11131.7998
7/28/2020,^NSEI,11300.5498
7/29/2020,^NSEI,11202.84961
7/30/2020,^NSEI,11102.15039
7/31/2020,^NSEI,11073.4502
8/3/2020,^NSEI,10891.59961
8/4/2020,^NSEI,11095.25
8/5/2020,^NSEI,11101.65039
8/6/2020,^NSEI,11200.15039
8/7/2020,^NSEI,11214.0498
8/10/2020,^NSEI,11270.15039
8/11/2020,^NSEI,11322.5
8/12/2020,^NSEI,11308.40039
8/13/2020,^NSEI,11300.4502
8/14/2020,^NSEI,11178.40039
8/17/2020,^NSEI,11247.09961
8/18/2020,^NSEI,11385.34961
8/19/2020,^NSEI,11408.40039
8/20/2020,^NSEI,11312.2002
8/21/2020,^NSEI,11371.59961
8/24/2020,^NSEI,11466.4502
8/25/2020,^NSEI,11472.25
8/26/2020,^NSEI,11549.59961
8/27/2020,^NSEI,11559.25
8/28/2020,^NSEI,11647.59961
8/31/2020,^NSEI,11387.5
9/1/2020,^NSEI,11470.25
9/2/2020,^NSEI,11535
9/3/2020,^NSEI,11527.4502
9/4/2020,^NSEI,11333.84961
9/7/2020,^NSEI,11355.0498
9/8/2020,^NSEI,11317.34961
9/9/2020,^NSEI,11278
9/10/2020,^NSEI,11449.25
9/11/2020,^NSEI,11464.4502
9/14/2020,^NSEI,11440.0498
9/15/2020,^NSEI,11521.7998
9/16/2020,^NSEI,11604.5498
9/17/2020,^NSEI,11516.09961
9/18/2020,^NSEI,11504.9502
9/21/2020,^NSEI,11250.5498
9/22/2020,^NSEI,11153.65039
9/23/2020,^NSEI,11131.84961
9/24/2020,^NSEI,10805.5498
9/25/2020,^NSEI,11050.25
9/28/2020,^NSEI,11227.5498
9/29/2020,^NSEI,11222.40039
9/30/2020,^NSEI,11247.5498
10/1/2020,^NSEI,11416.9502
10/5/2020,^NSEI,11503.34961
10/6/2020,^NSEI,11662.40039
10/7/2020,^NSEI,11738.84961
10/8/2020,^NSEI,11834.59961
10/9/2020,^NSEI,11914.2002
10/12/2020,^NSEI,11930.9502
10/13/2020,^NSEI,11934.5
10/14/2020,^NSEI,11971.0498
10/15/2020,^NSEI,11680.34961
10/16/2020,^NSEI,11762.4502
10/19/2020,^NSEI,11873.0498
10/20/2020,^NSEI,11896.7998
10/21/2020,^NSEI,11937.65039
10/22/2020,^NSEI,11896.4502
10/23/2020,^NSEI,11930.34961
10/26/2020,^NSEI,11767.75
10/27/2020,^NSEI,11889.40039
10/28/2020,^NSEI,11729.59961
10/29/2020,^NSEI,11670.7998
10/30/2020,^NSEI,11642.40039
11/2/2020,^NSEI,11669.15039
11/3/2020,^NSEI,11813.5
11/4/2020,^NSEI,11908.5
11/5/2020,^NSEI,12120.2998
11/6/2020,^NSEI,12263.5498
11/9/2020,^NSEI,12461.0498
11/10/2020,^NSEI,12631.09961
11/11/2020,^NSEI,12749.15039
11/12/2020,^NSEI,12690.7998
11/13/2020,^NSEI,12719.9502
11/17/2020,^NSEI,12874.2002
11/18/2020,^NSEI,12938.25
11/19/2020,^NSEI,12771.7002
11/20/2020,^NSEI,12859.0498
11/23/2020,^NSEI,12926.4502
11/24/2020,^NSEI,13055.15039
11/25/2020,^NSEI,12858.40039
11/26/2020,^NSEI,12987
11/27/2020,^NSEI,12968.9502
12/1/2020,^NSEI,13109.0498
12/2/2020,^NSEI,13113.75
12/3/2020,^NSEI,13133.90039
12/4/2020,^NSEI,13258.5498
12/7/2020,^NSEI,13355.75
12/8/2020,^NSEI,13392.9502
12/9/2020,^NSEI,13529.09961
12/10/2020,^NSEI,13478.2998
12/11/2020,^NSEI,13513.84961
12/14/2020,^NSEI,13558.15039
12/15/2020,^NSEI,13567.84961
12/16/2020,^NSEI,13682.7002
12/17/2020,^NSEI,13740.7002
12/18/2020,^NSEI,13760.5498
12/21/2020,^NSEI,13328.40039
12/22/2020,^NSEI,13466.2998
12/23/2020,^NSEI,13601.09961
12/24/2020,^NSEI,13749.25
12/28/2020,^NSEI,13873.2002
12/29/2020,^NSEI,13932.59961
12/30/2020,^NSEI,13981.9502
12/31/2020,^NSEI,13981.75
1/1/2021,^NSEI,14018.5
1/4/2021,^NSEI,14132.90039
1/5/2021,^NSEI,14199.5
1/6/2021,^NSEI,14146.25
1/7/2021,^NSEI,14137.34961
1/8/2021,^NSEI,14347.25
1/11/2021,^NSEI,14484.75
1/12/2021,^NSEI,14563.4502
1/13/2021,^NSEI,14564.84961
1/14/2021,^NSEI,14595.59961
1/15/2021,^NSEI,14433.7002
1/18/2021,^NSEI,14281.2998
1/19/2021,^NSEI,14521.15039
1/20/2021,^NSEI,14644.7002
1/21/2021,^NSEI,14590.34961
1/22/2021,^NSEI,14371.90039
1/25/2021,^NSEI,14238.90039
1/27/2021,^NSEI,13967.5
1/28/2021,^NSEI,13817.5498
1/29/2021,^NSEI,13634.59961
2/1/2021,^NSEI,14281.2002
2/2/2021,^NSEI,14647.84961
2/3/2021,^NSEI,14789.9502
2/4/2021,^NSEI,14895.65039
2/5/2021,^NSEI,14924.25
2/8/2021,^NSEI,15115.7998
2/9/2021,^NSEI,15109.2998
2/10/2021,^NSEI,15106.5
2/11/2021,^NSEI,15173.2998
2/12/2021,^NSEI,15163.2998
2/15/2021,^NSEI,15314.7002
2/16/2021,^NSEI,15313.4502
2/17/2021,^NSEI,15208.90039
2/18/2021,^NSEI,15118.9502
2/19/2021,^NSEI,14981.75
2/22/2021,^NSEI,14675.7002
2/23/2021,^NSEI,14707.7998
2/24/2021,^NSEI,14982
2/25/2021,^NSEI,15097.34961
2/26/2021,^NSEI,14529.15039
3/1/2021,^NSEI,14761.5498
3/2/2021,^NSEI,14919.09961
3/3/2021,^NSEI,15245.59961
3/4/2021,^NSEI,15080.75
3/5/2021,^NSEI,14938.09961
3/8/2021,^NSEI,14956.2002
3/9/2021,^NSEI,15098.40039
3/10/2021,^NSEI,15174.7998
3/12/2021,^NSEI,15030.9502
3/15/2021,^NSEI,14929.5
3/16/2021,^NSEI,14910.4502
3/17/2021,^NSEI,14721.2998
3/18/2021,^NSEI,14557.84961
3/19/2021,^NSEI,14744
3/22/2021,^NSEI,14736.40039
3/23/2021,^NSEI,14814.75
3/24/2021,^NSEI,14549.40039
3/25/2021,^NSEI,14324.90039
3/26/2021,^NSEI,14507.2998
3/30/2021,^NSEI,14845.09961
3/31/2021,^NSEI,14690.7002
4/1/2021,^NSEI,14867.34961
4/5/2021,^NSEI,14637.7998
4/6/2021,^NSEI,14683.5
4/7/2021,^NSEI,14819.0498
4/8/2021,^NSEI,14873.7998
4/9/2021,^NSEI,14834.84961
4/12/2021,^NSEI,14310.7998
4/13/2021,^NSEI,14504.7998
4/15/2021,^NSEI,14581.4502
4/16/2021,^NSEI,14617.84961
4/19/2021,^NSEI,14359.4502
4/20/2021,^NSEI,14296.40039
4/22/2021,^NSEI,14406.15039
4/23/2021,^NSEI,14341.34961
4/26/2021,^NSEI,14485
4/27/2021,^NSEI,14653.0498
4/28/2021,^NSEI,14864.5498
4/29/2021,^NSEI,14894.90039
4/30/2021,^NSEI,14631.09961
5/3/2021,^NSEI,14634.15039
5/4/2021,^NSEI,14496.5
5/5/2021,^NSEI,14617.84961
5/6/2021,^NSEI,14724.7998
5/7/2021,^NSEI,14823.15039
5/10/2021,^NSEI,14942.34961
5/11/2021,^NSEI,14850.75
5/12/2021,^NSEI,14696.5
5/14/2021,^NSEI,14677.7998
5/17/2021,^NSEI,14923.15039
5/18/2021,^NSEI,15108.09961
5/19/2021,^NSEI,15030.15039
5/20/2021,^NSEI,14906.0498
5/21/2021,^NSEI,15175.2998
5/24/2021,^NSEI,15197.7002
5/25/2021,^NSEI,15208.4502
5/26/2021,^NSEI,15301.4502
5/27/2021,^NSEI,15337.84961
5/28/2021,^NSEI,15435.65039
5/31/2021,^NSEI,15582.7998
6/1/2021,^NSEI,15574.84961
6/2/2021,^NSEI,15576.2002
6/3/2021,^NSEI,15690.34961
6/4/2021,^NSEI,15670.25
6/7/2021,^NSEI,15751.65039
6/8/2021,^NSEI,15740.09961
6/9/2021,^NSEI,15635.34961
6/10/2021,^NSEI,15737.75
6/11/2021,^NSEI,15799.34961
6/14/2021,^NSEI,15811.84961
6/15/2021,^NSEI,15869.25
6/16/2021,^NSEI,15767.5498
6/17/2021,^NSEI,15691.40039
6/18/2021,^NSEI,15683.34961
6/21/2021,^NSEI,15746.5
6/22/2021,^NSEI,15772.75
6/23/2021,^NSEI,15686.9502
6/24/2021,^NSEI,15790.4502
6/25/2021,^NSEI,15860.34961
6/28/2021,^NSEI,15814.7002
6/29/2021,^NSEI,15748.4502
6/30/2021,^NSEI,15721.5
7/1/2021,^NSEI,15680
7/2/2021,^NSEI,15722.2002
7/5/2021,^NSEI,15834.34961
7/6/2021,^NSEI,15818.25
7/7/2021,^NSEI,15879.65039
7/8/2021,^NSEI,15727.90039
7/9/2021,^NSEI,15689.7998
7/12/2021,^NSEI,15692.59961
7/13/2021,^NSEI,15812.34961
7/14/2021,^NSEI,15853.9502
7/15/2021,^NSEI,15924.2002
7/16/2021,^NSEI,15923.40039
7/19/2021,^NSEI,15752.40039
7/20/2021,^NSEI,15632.09961
7/22/2021,^NSEI,15824.0498
7/23/2021,^NSEI,15856.0498
7/26/2021,^NSEI,15824.4502
7/27/2021,^NSEI,15746.4502
7/28/2021,^NSEI,15709.40039
7/29/2021,^NSEI,15778.4502
7/30/2021,^NSEI,15763.0498
8/2/2021,^NSEI,15885.15039
8/3/2021,^NSEI,16130.75
8/4/2021,^NSEI,16258.7998
8/5/2021,^NSEI,16294.59961
8/6/2021,^NSEI,16238.2002
8/9/2021,^NSEI,16258.25
8/10/2021,^NSEI,16280.09961
8/11/2021,^NSEI,16282.25
8/12/2021,^NSEI,16364.40039
8/13/2021,^NSEI,16529.09961
8/16/2021,^NSEI,16563.05078
8/17/2021,^NSEI,16614.59961
8/18/2021,^NSEI,16568.84961
8/20/2021,^NSEI,16450.5
8/23/2021,^NSEI,16496.44922
8/24/2021,^NSEI,16624.59961
8/25/2021,^NSEI,16634.65039
8/26/2021,^NSEI,16636.90039
8/27/2021,^NSEI,16705.19922
8/30/2021,^NSEI,16931.05078
8/31/2021,^NSEI,17132.19922
9/1/2021,^NSEI,17076.25
9/2/2021,^NSEI,17234.15039
9/3/2021,^NSEI,17323.59961
9/6/2021,^NSEI,17377.80078
9/7/2021,^NSEI,17362.09961
9/8/2021,^NSEI,17353.5
9/9/2021,^NSEI,17369.25
9/13/2021,^NSEI,17355.30078
9/14/2021,^NSEI,17380
9/15/2021,^NSEI,17519.44922
9/16/2021,^NSEI,17629.5
9/17/2021,^NSEI,17585.15039
9/20/2021,^NSEI,17396.90039
9/21/2021,^NSEI,17562
9/22/2021,^NSEI,17546.65039
9/23/2021,^NSEI,17822.94922
9/24/2021,^NSEI,17853.19922
9/27/2021,^NSEI,17855.09961
9/28/2021,^NSEI,17748.59961
9/29/2021,^NSEI,17711.30078
9/30/2021,^NSEI,17618.15039
10/1/2021,^NSEI,17532.05078
10/4/2021,^NSEI,17691.25
10/5/2021,^NSEI,17822.30078
10/6/2021,^NSEI,17646
10/7/2021,^NSEI,17790.34961
10/8/2021,^NSEI,17895.19922
10/11/2021,^NSEI,17945.94922
10/12/2021,^NSEI,17991.94922
10/13/2021,^NSEI,18161.75
10/14/2021,^NSEI,18338.55078
10/18/2021,^NSEI,18477.05078
10/19/2021,^NSEI,18418.75
10/20/2021,^NSEI,18266.59961
10/21/2021,^NSEI,18178.09961
10/22/2021,^NSEI,18114.90039
10/25/2021,^NSEI,18125.40039
10/26/2021,^NSEI,18268.40039
10/27/2021,^NSEI,18210.94922
10/28/2021,^NSEI,17857.25
10/29/2021,^NSEI,17671.65039
11/1/2021,^NSEI,17929.65039
11/2/2021,^NSEI,17888.94922
11/3/2021,^NSEI,17829.19922
11/4/2021,^NSEI,17916.80078
11/8/2021,^NSEI,18068.55078
11/9/2021,^NSEI,18044.25
11/10/2021,^NSEI,18017.19922
11/11/2021,^NSEI,17873.59961
11/12/2021,^NSEI,18102.75
11/15/2021,^NSEI,18109.44922
11/16/2021,^NSEI,17999.19922
11/17/2021,^NSEI,17898.65039
11/18/2021,^NSEI,17764.80078
11/22/2021,^NSEI,17416.55078
11/23/2021,^NSEI,17503.34961
11/24/2021,^NSEI,17415.05078
11/25/2021,^NSEI,17536.25
11/26/2021,^NSEI,17026.44922
11/29/2021,^NSEI,17053.94922
11/30/2021,^NSEI,16983.19922
12/1/2021,^NSEI,17166.90039
12/2/2021,^NSEI,17401.65039
12/3/2021,^NSEI,17196.69922
12/6/2021,^NSEI,16912.25
12/7/2021,^NSEI,17176.69922
12/8/2021,^NSEI,17469.75
12/9/2021,^NSEI,17516.84961
12/10/2021,^NSEI,17511.30078
12/13/2021,^NSEI,17368.25
12/14/2021,^NSEI,17324.90039
12/15/2021,^NSEI,17221.40039
12/16/2021,^NSEI,17248.40039
12/17/2021,^NSEI,16985.19922
12/20/2021,^NSEI,16614.19922
12/21/2021,^NSEI,16770.84961
12/22/2021,^NSEI,16955.44922
12/23/2021,^NSEI,17072.59961
12/24/2021,^NSEI,17003.75
12/27/2021,^NSEI,17086.25
12/28/2021,^NSEI,17233.25
12/29/2021,^NSEI,17213.59961
12/30/2021,^NSEI,17203.94922
12/31/2021,^NSEI,17354.05078
1/3/2022,^NSEI,17625.69922
1/4/2022,^NSEI,17805.25
1/5/2022,^NSEI,17925.25
1/6/2022,^NSEI,17745.90039
1/7/2022,^NSEI,17812.69922
1/10/2022,^NSEI,18003.30078
1/11/2022,^NSEI,18055.75
1/12/2022,^NSEI,18212.34961
1/13/2022,^NSEI,18257.80078
1/14/2022,^NSEI,18255.75
1/17/2022,^NSEI,18308.09961
1/18/2022,^NSEI,18113.05078
1/19/2022,^NSEI,17938.40039
1/20/2022,^NSEI,17757
1/21/2022,^NSEI,17617.15039
1/24/2022,^NSEI,17149.09961
1/25/2022,^NSEI,17277.94922
1/27/2022,^NSEI,17110.15039
1/28/2022,^NSEI,17101.94922
1/31/2022,^NSEI,17339.84961
2/1/2022,^NSEI,17576.84961
2/2/2022,^NSEI,17780
2/3/2022,^NSEI,17560.19922
2/4/2022,^NSEI,17516.30078
2/7/2022,^NSEI,17213.59961
2/8/2022,^NSEI,17266.75
2/9/2022,^NSEI,17463.80078
2/10/2022,^NSEI,17605.84961
2/11/2022,^NSEI,17374.75
2/14/2022,^NSEI,16842.80078
2/15/2022,^NSEI,17352.44922
2/16/2022,^NSEI,17322.19922
2/17/2022,^NSEI,17304.59961
2/18/2022,^NSEI,17276.30078
2/21/2022,^NSEI,17206.65039
2/22/2022,^NSEI,17092.19922
2/23/2022,^NSEI,17063.25
2/24/2022,^NSEI,16247.9502
2/25/2022,^NSEI,16658.40039
2/28/2022,^NSEI,16793.90039
3/2/2022,^NSEI,16605.94922
3/3/2022,^NSEI,16498.05078
3/4/2022,^NSEI,16245.34961
3/7/2022,^NSEI,15863.15039
3/8/2022,^NSEI,16013.4502
3/9/2022,^NSEI,16345.34961
3/10/2022,^NSEI,16594.90039
3/11/2022,^NSEI,16630.44922
3/14/2022,^NSEI,16871.30078
3/15/2022,^NSEI,16663
3/16/2022,^NSEI,16975.34961
3/17/2022,^NSEI,17287.05078
3/21/2022,^NSEI,17117.59961
3/22/2022,^NSEI,17315.5
3/23/2022,^NSEI,17245.65039
3/24/2022,^NSEI,17222.75
3/25/2022,^NSEI,17153
3/28/2022,^NSEI,17222
3/29/2022,^NSEI,17325.30078
3/30/2022,^NSEI,17498.25
3/31/2022,^NSEI,17464.75
4/1/2022,^NSEI,17670.44922
4/4/2022,^NSEI,18053.40039
4/5/2022,^NSEI,17957.40039
4/6/2022,^NSEI,17807.65039
4/7/2022,^NSEI,17639.55078
4/8/2022,^NSEI,17784.34961
4/11/2022,^NSEI,17674.94922
4/12/2022,^NSEI,17530.30078
4/13/2022,^NSEI,17475.65039
4/18/2022,^NSEI,17173.65039
4/19/2022,^NSEI,16958.65039
4/20/2022,^NSEI,17136.55078
4/21/2022,^NSEI,17392.59961
4/22/2022,^NSEI,17171.94922
4/25/2022,^NSEI,16953.94922
4/26/2022,^NSEI,17200.80078
4/27/2022,^NSEI,17038.40039
4/28/2022,^NSEI,17245.05078
4/29/2022,^NSEI,17102.55078
5/2/2022,^NSEI,17069.09961
5/4/2022,^NSEI,16677.59961
5/5/2022,^NSEI,16682.65039
5/6/2022,^NSEI,16411.25
5/9/2022,^NSEI,16301.84961
5/10/2022,^NSEI,16240.0498
5/11/2022,^NSEI,16167.09961
5/12/2022,^NSEI,15808
5/13/2022,^NSEI,15782.15039
5/16/2022,^NSEI,15842.2998
5/17/2022,^NSEI,16259.2998
5/18/2022,^NSEI,16240.2998
5/19/2022,^NSEI,15809.40039
5/20/2022,^NSEI,16266.15039
5/23/2022,^NSEI,16214.7002
5/24/2022,^NSEI,16125.15039
5/25/2022,^NSEI,16025.7998
5/26/2022,^NSEI,16170.15039
5/27/2022,^NSEI,16352.4502
5/30/2022,^NSEI,16661.40039
5/31/2022,^NSEI,16584.55078
6/1/2022,^NSEI,16522.75
6/2/2022,^NSEI,16628
6/3/2022,^NSEI,16584.30078
6/6/2022,^NSEI,16569.55078
6/7/2022,^NSEI,16416.34961
6/8/2022,^NSEI,16356.25
6/9/2022,^NSEI,16478.09961
6/10/2022,^NSEI,16201.7998
6/13/2022,^NSEI,15774.40039
6/14/2022,^NSEI,15732.09961
6/15/2022,^NSEI,15692.15039
6/16/2022,^NSEI,15360.59961
6/17/2022,^NSEI,15293.5
6/20/2022,^NSEI,15350.15039
6/21/2022,^NSEI,15638.7998
6/22/2022,^NSEI,15413.2998
6/23/2022,^NSEI,15556.65039
6/24/2022,^NSEI,15699.25
6/27/2022,^NSEI,15832.0498
6/28/2022,^NSEI,15850.2002
6/29/2022,^NSEI,15799.09961
6/30/2022,^NSEI,15780.25
7/1/2022,^NSEI,15752.0498
7/4/2022,^NSEI,15835.34961
7/5/2022,^NSEI,15810.84961
7/6/2022,^NSEI,15989.7998
7/7/2022,^NSEI,16132.90039
7/8/2022,^NSEI,16220.59961
7/11/2022,^NSEI,16216
7/12/2022,^NSEI,16058.2998
7/13/2022,^NSEI,15966.65039
7/14/2022,^NSEI,15938.65039
7/15/2022,^NSEI,16049.2002
7/18/2022,^NSEI,16278.5
7/19/2022,^NSEI,16340.5498
7/20/2022,^NSEI,16520.84961
7/21/2022,^NSEI,16605.25
7/22/2022,^NSEI,16719.44922
7/25/2022,^NSEI,16631
7/26/2022,^NSEI,16483.84961
7/27/2022,^NSEI,16641.80078
7/28/2022,^NSEI,16929.59961
7/29/2022,^NSEI,17158.25
8/1/2022,^NSEI,17340.05078
8/2/2022,^NSEI,17345.44922
8/3/2022,^NSEI,17388.15039
8/4/2022,^NSEI,17382
8/5/2022,^NSEI,17397.5
8/8/2022,^NSEI,17525.09961
8/10/2022,^NSEI,17534.75
8/11/2022,^NSEI,17659
8/12/2022,^NSEI,17698.15039
8/16/2022,^NSEI,17825.25
8/17/2022,^NSEI,17944.25
8/18/2022,^NSEI,17956.5
8/19/2022,^NSEI,17758.44922
8/22/2022,^NSEI,17490.69922
8/23/2022,^NSEI,17577.5
8/24/2022,^NSEI,17604.94922
8/25/2022,^NSEI,17522.44922
8/26/2022,^NSEI,17558.90039
8/29/2022,^NSEI,17312.90039
8/30/2022,^NSEI,17759.30078
9/1/2022,^NSEI,17542.80078
9/2/2022,^NSEI,17539.44922
9/5/2022,^NSEI,17665.80078
9/6/2022,^NSEI,17655.59961
9/7/2022,^NSEI,17624.40039
9/8/2022,^NSEI,17798.75
9/9/2022,^NSEI,17833.34961
9/12/2022,^NSEI,17936.34961
9/13/2022,^NSEI,18070.05078
9/14/2022,^NSEI,18003.75
9/15/2022,^NSEI,17877.40039
9/16/2022,^NSEI,17530.84961
9/19/2022,^NSEI,17622.25
9/20/2022,^NSEI,17816.25
9/21/2022,^NSEI,17718.34961
9/22/2022,^NSEI,17629.80078
9/23/2022,^NSEI,17327.34961
9/26/2022,^NSEI,17016.30078
9/27/2022,^NSEI,17007.40039
9/28/2022,^NSEI,16858.59961
9/29/2022,^NSEI,16818.09961
9/30/2022,^NSEI,17094.34961
10/3/2022,^NSEI,16887.34961
10/4/2022,^NSEI,17274.30078
10/6/2022,^NSEI,17331.80078
10/7/2022,^NSEI,17314.65039
10/10/2022,^NSEI,17241
10/11/2022,^NSEI,16983.55078
10/12/2022,^NSEI,17123.59961
10/13/2022,^NSEI,17014.34961
10/14/2022,^NSEI,17185.69922
10/17/2022,^NSEI,17311.80078
10/18/2022,^NSEI,17486.94922
10/19/2022,^NSEI,17512.25
10/20/2022,^NSEI,17563.94922
10/21/2022,^NSEI,17576.30078
10/24/2022,^NSEI,17730.75
10/25/2022,^NSEI,17656.34961
10/27/2022,^NSEI,17736.94922
10/28/2022,^NSEI,17786.80078
10/31/2022,^NSEI,18012.19922
11/1/2022,^NSEI,18145.40039
11/2/2022,^NSEI,18082.84961
11/3/2022,^NSEI,18052.69922
11/4/2022,^NSEI,18117.15039
11/7/2022,^NSEI,18202.80078
11/9/2022,^NSEI,18157
11/10/2022,^NSEI,18028.19922
11/11/2022,^NSEI,18349.69922
11/14/2022,^NSEI,18329.15039
11/15/2022,^NSEI,18403.40039
11/16/2022,^NSEI,18409.65039
11/17/2022,^NSEI,18343.90039
11/18/2022,^NSEI,18307.65039
11/21/2022,^NSEI,18159.94922
11/22/2022,^NSEI,18244.19922
11/23/2022,^NSEI,18267.25
11/24/2022,^NSEI,18484.09961
11/25/2022,^NSEI,18512.75
11/28/2022,^NSEI,18562.75
11/29/2022,^NSEI,18618.05078
11/30/2022,^NSEI,18758.34961
12/1/2022,^NSEI,18812.5
12/2/2022,^NSEI,18696.09961
12/5/2022,^NSEI,18701.05078
12/6/2022,^NSEI,18642.75
12/7/2022,^NSEI,18560.5
12/8/2022,^NSEI,18609.34961
12/9/2022,^NSEI,18496.59961
12/12/2022,^NSEI,18497.15039
12/13/2022,^NSEI,18608
12/14/2022,^NSEI,18660.30078
12/15/2022,^NSEI,18414.90039
12/16/2022,^NSEI,18269
12/19/2022,^NSEI,18420.44922
12/20/2022,^NSEI,18385.30078
12/21/2022,^NSEI,18199.09961
12/22/2022,^NSEI,18127.34961
12/23/2022,^NSEI,17806.80078
12/26/2022,^NSEI,18014.59961
12/27/2022,^NSEI,18132.30078
12/28/2022,^NSEI,18122.5
12/29/2022,^NSEI,18191
12/30/2022,^NSEI,18105.30078
1/2/2023,^NSEI,18197.44922
1/3/2023,^NSEI,18232.55078
1/4/2023,^NSEI,18042.94922
1/5/2023,^NSEI,17992.15039
1/6/2023,^NSEI,17859.44922
1/9/2023,^NSEI,18101.19922
1/10/2023,^NSEI,17914.15039
1/11/2023,^NSEI,17895.69922
1/12/2023,^NSEI,17858.19922
1/13/2023,^NSEI,17956.59961
1/16/2023,^NSEI,17894.84961
1/17/2023,^NSEI,18053.30078
1/18/2023,^NSEI,18165.34961
1/19/2023,^NSEI,18107.84961
1/20/2023,^NSEI,18027.65039
1/23/2023,^NSEI,18118.55078
1/24/2023,^NSEI,18118.30078
1/25/2023,^NSEI,17891.94922
1/27/2023,^NSEI,17604.34961
1/30/2023,^NSEI,17648.94922
1/31/2023,^NSEI,17662.15039
2/1/2023,^NSEI,17616.30078
2/2/2023,^NSEI,17610.40039
2/3/2023,^NSEI,17854.05078
2/6/2023,^NSEI,17764.59961
2/7/2023,^NSEI,17721.5
2/8/2023,^NSEI,17871.69922
2/9/2023,^NSEI,17893.44922
2/10/2023,^NSEI,17856.5
2/13/2023,^NSEI,17770.90039
2/14/2023,^NSEI,17929.84961
2/15/2023,^NSEI,18015.84961
2/16/2023,^NSEI,18035.84961
2/17/2023,^NSEI,17944.19922
2/20/2023,^NSEI,17844.59961
2/21/2023,^NSEI,17826.69922
2/22/2023,^NSEI,17554.30078
2/23/2023,^NSEI,17511.25
2/24/2023,^NSEI,17465.80078
2/27/2023,^NSEI,17392.69922
2/28/2023,^NSEI,17303.94922
3/1/2023,^NSEI,17450.90039
3/2/2023,^NSEI,17321.90039
3/3/2023,^NSEI,17594.34961
3/6/2023,^NSEI,17711.44922
3/8/2023,^NSEI,17754.40039
3/9/2023,^NSEI,17589.59961
3/10/2023,^NSEI,17412.90039
3/13/2023,^NSEI,17154.30078
3/14/2023,^NSEI,17043.30078
3/15/2023,^NSEI,16972.15039
3/16/2023,^NSEI,16985.59961
3/17/2023,^NSEI,17100.05078
3/20/2023,^NSEI,16988.40039
3/21/2023,^NSEI,17107.5
3/22/2023,^NSEI,17151.90039
3/23/2023,^NSEI,17076.90039
3/24/2023,^NSEI,16945.05078
3/27/2023,^NSEI,16985.69922
3/28/2023,^NSEI,16951.69922
3/29/2023,^NSEI,17080.69922
3/31/2023,^NSEI,17359.75
4/3/2023,^NSEI,17398.05078
4/5/2023,^NSEI,17557.05078
4/6/2023,^NSEI,17599.15039
4/10/2023,^NSEI,17624.05078
4/11/2023,^NSEI,17722.30078
4/12/2023,^NSEI,17812.40039
4/13/2023,^NSEI,17828
4/17/2023,^NSEI,17706.84961
4/18/2023,^NSEI,17660.15039
4/19/2023,^NSEI,17618.75
4/20/2023,^NSEI,17624.44922
4/21/2023,^NSEI,17624.05078
4/24/2023,^NSEI,17743.40039
4/25/2023,^NSEI,17769.25
4/26/2023,^NSEI,17813.59961
4/27/2023,^NSEI,17915.05078
4/28/2023,^NSEI,18065
5/2/2023,^NSEI,18147.65039
5/3/2023,^NSEI,18089.84961
5/4/2023,^NSEI,18255.80078
5/5/2023,^NSEI,18069
5/8/2023,^NSEI,18264.40039
5/9/2023,^NSEI,18265.94922
5/10/2023,^NSEI,18315.09961
5/11/2023,^NSEI,18297
5/12/2023,^NSEI,18314.80078
5/15/2023,^NSEI,18398.84961
5/16/2023,^NSEI,18286.5
5/17/2023,^NSEI,18181.75
5/18/2023,^NSEI,18129.94922
5/19/2023,^NSEI,18203.40039
5/22/2023,^NSEI,18314.40039
5/23/2023,^NSEI,18348
5/24/2023,^NSEI,18285.40039
5/25/2023,^NSEI,18321.15039
5/26/2023,^NSEI,18499.34961
5/29/2023,^NSEI,18598.65039
5/30/2023,^NSEI,18633.84961
5/31/2023,^NSEI,18534.40039
6/1/2023,^NSEI,18487.75
6/2/2023,^NSEI,18534.09961
6/5/2023,^NSEI,18593.84961
6/6/2023,^NSEI,18599
6/7/2023,^NSEI,18726.40039
6/8/2023,^NSEI,18634.55078
6/9/2023,^NSEI,18563.40039
6/12/2023,^NSEI,18601.5
6/13/2023,^NSEI,18716.15039
6/14/2023,^NSEI,18755.90039
6/15/2023,^NSEI,18688.09961
6/16/2023,^NSEI,18826
6/19/2023,^NSEI,18755.44922
6/20/2023,^NSEI,18816.69922
6/21/2023,^NSEI,18856.84961
6/22/2023,^NSEI,18771.25
6/23/2023,^NSEI,18665.5
6/26/2023,^NSEI,18691.19922
6/27/2023,^NSEI,18817.40039
6/28/2023,^NSEI,18972.09961
6/30/2023,^NSEI,19189.05078
7/3/2023,^NSEI,19322.55078
7/4/2023,^NSEI,19389
7/5/2023,^NSEI,19398.5
7/6/2023,^NSEI,19497.30078
7/7/2023,^NSEI,19331.80078
7/10/2023,^NSEI,19355.90039
7/11/2023,^NSEI,19439.40039
7/12/2023,^NSEI,19384.30078
7/13/2023,^NSEI,19413.75
7/14/2023,^NSEI,19564.5
7/17/2023,^NSEI,19711.44922
7/18/2023,^NSEI,19749.25
7/19/2023,^NSEI,19833.15039
7/20/2023,^NSEI,19979.15039
7/21/2023,^NSEI,19745
7/24/2023,^NSEI,19672.34961
7/25/2023,^NSEI,19680.59961
7/26/2023,^NSEI,19778.30078
7/27/2023,^NSEI,19659.90039
7/28/2023,^NSEI,19646.05078
7/31/2023,^NSEI,19753.80078
8/1/2023,^NSEI,19733.55078
8/2/2023,^NSEI,19526.55078
8/3/2023,^NSEI,19381.65039
8/4/2023,^NSEI,19517
8/7/2023,^NSEI,19597.30078
8/8/2023,^NSEI,19570.84961
8/9/2023,^NSEI,19632.55078
8/10/2023,^NSEI,19543.09961
8/11/2023,^NSEI,19428.30078
8/14/2023,^NSEI,19434.55078
8/16/2023,^NSEI,19465
8/17/2023,^NSEI,19365.25
8/18/2023,^NSEI,19310.15039
8/21/2023,^NSEI,19393.59961
8/22/2023,^NSEI,19396.44922
8/23/2023,^NSEI,19444
8/24/2023,^NSEI,19386.69922
8/25/2023,^NSEI,19265.80078
8/28/2023,^NSEI,19306.05078
8/29/2023,^NSEI,19342.65039
8/30/2023,^NSEI,19347.44922
8/31/2023,^NSEI,19253.80078
9/1/2023,^NSEI,19435.30078
9/4/2023,^NSEI,19528.80078
9/5/2023,^NSEI,19574.90039
9/6/2023,^NSEI,19611.05078
9/7/2023,^NSEI,19727.05078
9/8/2023,^NSEI,19819.94922
9/11/2023,^NSEI,19996.34961
9/12/2023,^NSEI,19993.19922
9/13/2023,^NSEI,20070
9/14/2023,^NSEI,20103.09961
9/15/2023,^NSEI,20192.34961
9/18/2023,^NSEI,20133.30078
9/20/2023,^NSEI,19901.40039
9/21/2023,^NSEI,19742.34961
9/22/2023,^NSEI,19674.25
9/25/2023,^NSEI,19674.55078
9/26/2023,^NSEI,19664.69922
9/27/2023,^NSEI,19716.44922
9/28/2023,^NSEI,19523.55078
9/29/2023,^NSEI,19638.30078
10/3/2023,^NSEI,19528.75
10/4/2023,^NSEI,19436.09961
10/5/2023,^NSEI,19545.75
10/6/2023,^NSEI,19653.5
10/9/2023,^NSEI,19512.34961
10/10/2023,^NSEI,19689.84961
10/11/2023,^NSEI,19811.34961
10/12/2023,^NSEI,19794
10/13/2023,^NSEI,19751.05078
10/16/2023,^NSEI,19731.75
10/17/2023,^NSEI,19811.5
10/18/2023,^NSEI,19671.09961
10/19/2023,^NSEI,19624.69922
10/20/2023,^NSEI,19542.65039
10/23/2023,^NSEI,19281.75
10/25/2023,^NSEI,19122.15039
10/26/2023,^NSEI,18857.25
10/27/2023,^NSEI,19047.25
10/30/2023,^NSEI,19140.90039
10/31/2023,^NSEI,19079.59961
11/1/2023,^NSEI,18989.15039
11/2/2023,^NSEI,19133.25
11/3/2023,^NSEI,19230.59961
11/6/2023,^NSEI,19411.75
11/7/2023,^NSEI,19406.69922
11/8/2023,^NSEI,19443.5
11/9/2023,^NSEI,19395.30078
11/10/2023,^NSEI,19425.34961
11/13/2023,^NSEI,19443.55078
11/15/2023,^NSEI,19675.44922
11/16/2023,^NSEI,19765.19922
11/17/2023,^NSEI,19731.80078
11/20/2023,^NSEI,19694
11/21/2023,^NSEI,19783.40039
11/22/2023,^NSEI,19811.84961
11/23/2023,^NSEI,19802
11/24/2023,^NSEI,19794.69922
11/28/2023,^NSEI,19889.69922
11/29/2023,^NSEI,20096.59961
11/30/2023,^NSEI,20133.15039
12/1/2023,^NSEI,20267.90039
12/4/2023,^NSEI,20686.80078
12/5/2023,^NSEI,20855.09961
12/6/2023,^NSEI,20937.69922
12/7/2023,^NSEI,20901.15039
12/8/2023,^NSEI,20969.40039
12/11/2023,^NSEI,20997.09961
12/12/2023,^NSEI,20906.40039
12/13/2023,^NSEI,20926.34961
12/14/2023,^NSEI,21182.69922
12/15/2023,^NSEI,21456.65039
12/18/2023,^NSEI,21418.65039
12/19/2023,^NSEI,21453.09961
12/20/2023,^NSEI,21150.15039
12/21/2023,^NSEI,21255.05078
12/22/2023,^NSEI,21349.40039
12/26/2023,^NSEI,21441.34961
12/27/2023,^NSEI,21654.75
12/28/2023,^NSEI,21778.69922
12/29/2023,^NSEI,21731.40039
1/1/2024,^NSEI,21741.90039
1/2/2024,^NSEI,21665.80078
1/3/2024,^NSEI,21517.34961
1/4/2024,^NSEI,21658.59961
1/5/2024,^NSEI,21710.80078
1/8/2024,^NSEI,21513
1/9/2024,^NSEI,21544.84961
1/10/2024,^NSEI,21618.69922
1/11/2024,^NSEI,21647.19922
1/12/2024,^NSEI,21894.55078
1/15/2024,^NSEI,22097.44922
1/16/2024,^NSEI,22032.30078
1/17/2024,^NSEI,21571.94922
1/18/2024,^NSEI,21462.25
1/19/2024,^NSEI,21622.40039
1/23/2024,^NSEI,21238.80078
1/24/2024,^NSEI,21453.94922
1/25/2024,^NSEI,21352.59961
1/29/2024,^NSEI,21737.59961
1/30/2024,^NSEI,21522.09961
1/31/2024,^NSEI,21725.69922
2/1/2024,^NSEI,21697.44922
2/2/2024,^NSEI,21853.80078
2/5/2024,^NSEI,21771.69922
2/6/2024,^NSEI,21929.40039
2/7/2024,^NSEI,21930.5
2/8/2024,^NSEI,21717.94922
2/9/2024,^NSEI,21782.5
2/12/2024,^NSEI,21616.05078
2/13/2024,^NSEI,21743.25
2/14/2024,^NSEI,21840.05078
2/15/2024,^NSEI,21910.75
2/16/2024,^NSEI,22040.69922
2/19/2024,^NSEI,22122.25
2/20/2024,^NSEI,22196.94922
2/21/2024,^NSEI,22055.05078
2/22/2024,^NSEI,22217.44922
2/23/2024,^NSEI,22212.69922
2/26/2024,^NSEI,22122.05078
2/27/2024,^NSEI,22198.34961
2/28/2024,^NSEI,21951.15039
2/29/2024,^NSEI,21982.80078
3/1/2024,^NSEI,22338.75
3/4/2024,^NSEI,22405.59961
3/5/2024,^NSEI,22356.30078
3/6/2024,^NSEI,22474.05078
3/7/2024,^NSEI,22493.55078
3/11/2024,^NSEI,22332.65039
3/12/2024,^NSEI,22335.69922
3/13/2024,^NSEI,21997.69922
3/14/2024,^NSEI,22146.65039
3/15/2024,^NSEI,22023.34961
3/18/2024,^NSEI,22055.69922
3/19/2024,^NSEI,21817.44922
3/20/2024,^NSEI,21839.09961
3/21/2024,^NSEI,22011.94922
3/22/2024,^NSEI,22096.75
3/26/2024,^NSEI,22004.69922
3/27/2024,^NSEI,22123.65039
3/28/2024,^NSEI,22326.90039
4/1/2024,^NSEI,22462
4/2/2024,^NSEI,22453.30078
4/3/2024,^NSEI,22434.65039
4/4/2024,^NSEI,22514.65039
4/5/2024,^NSEI,22513.69922
4/8/2024,^NSEI,22666.30078
4/9/2024,^NSEI,22642.75
4/10/2024,^NSEI,22753.80078
4/12/2024,^NSEI,22519.40039
4/15/2024,^NSEI,22272.5
4/16/2024,^NSEI,22147.90039
4/18/2024,^NSEI,21995.84961
4/19/2024,^NSEI,22147
4/22/2024,^NSEI,22336.40039
4/23/2024,^NSEI,22368
4/24/2024,^NSEI,22402.40039
4/25/2024,^NSEI,22570.34961
4/26/2024,^NSEI,22419.94922
4/29/2024,^NSEI,22643.40039
4/30/2024,^NSEI,22604.84961
5/2/2024,^NSEI,22648.19922
5/3/2024,^NSEI,22475.84961
5/6/2024,^NSEI,22442.69922
5/7/2024,^NSEI,22302.5
5/8/2024,^NSEI,22302.5
5/9/2024,^NSEI,21957.5
5/10/2024,^NSEI,22055.19922
5/13/2024,^NSEI,22104.05078
5/14/2024,^NSEI,22217.84961
5/15/2024,^NSEI,22200.55078
5/16/2024,^NSEI,22403.84961
5/17/2024,^NSEI,22466.09961
5/21/2024,^NSEI,22529.05078
5/22/2024,^NSEI,22597.80078
5/23/2024,^NSEI,22967.65039
5/24/2024,^NSEI,22957.09961
5/27/2024,^NSEI,22932.44922
5/28/2024,^NSEI,22888.15039
5/29/2024,^NSEI,22704.69922
5/30/2024,^NSEI,22488.65039
5/31/2024,^NSEI,22530.69922
6/3/2024,^NSEI,23263.90039
6/4/2024,^NSEI,21884.5
6/5/2024,^NSEI,22620.34961
6/6/2024,^NSEI,22821.40039
6/7/2024,^NSEI,23290.15039
6/10/2024,^NSEI,23259.19922
6/11/2024,^NSEI,23264.84961
6/12/2024,^NSEI,23322.94922
6/13/2024,^NSEI,23398.90039
6/14/2024,^NSEI,23465.59961
6/18/2024,^NSEI,23557.90039
6/19/2024,^NSEI,23516
6/20/2024,^NSEI,23567
6/21/2024,^NSEI,23501.09961
6/24/2024,^NSEI,23537.84961
6/25/2024,^NSEI,23721.30078
6/26/2024,^NSEI,23868.80078
6/27/2024,^NSEI,24044.5
6/28/2024,^NSEI,24010.59961
7/1/2024,^NSEI,24141.94922
7/2/2024,^NSEI,24123.84961
7/3/2024,^NSEI,24286.5
7/4/2024,^NSEI,24302.15039
7/5/2024,^NSEI,24323.84961
7/8/2024,^NSEI,24320.55078
7/9/2024,^NSEI,24433.19922
7/10/2024,^NSEI,24324.44922
7/11/2024,^NSEI,24315.94922
7/12/2024,^NSEI,24502.15039
7/15/2024,^NSEI,24586.69922
7/16/2024,^NSEI,24613
7/18/2024,^NSEI,24800.84961
7/19/2024,^NSEI,24530.90039
7/22/2024,^NSEI,24509.25
7/23/2024,^NSEI,24479.05078
7/24/2024,^NSEI,24413.5
7/25/2024,^NSEI,24406.09961
7/26/2024,^NSEI,24834.84961
7/29/2024,^NSEI,24836.09961
7/30/2024,^NSEI,24857.30078
7/31/2024,^NSEI,24951.15039
8/1/2024,^NSEI,25010.90039
8/2/2024,^NSEI,24717.69922
8/5/2024,^NSEI,24055.59961
8/6/2024,^NSEI,23992.55078
8/7/2024,^NSEI,24297.5
8/8/2024,^NSEI,24117
8/9/2024,^NSEI,24367.5
8/12/2024,^NSEI,24347
8/13/2024,^NSEI,24139
8/14/2024,^NSEI,24143.75
8/16/2024,^NSEI,24541.15039
8/19/2024,^NSEI,24572.65039
8/20/2024,^NSEI,24698.84961
8/21/2024,^NSEI,24770.19922
8/22/2024,^NSEI,24811.5
8/23/2024,^NSEI,24823.15039
8/26/2024,^NSEI,25010.59961
8/27/2024,^NSEI,25017.75
8/28/2024,^NSEI,25052.34961
8/29/2024,^NSEI,25151.94922
8/30/2024,^NSEI,25235.90039
9/2/2024,^NSEI,25278.69922
9/3/2024,^NSEI,25279.84961
9/4/2024,^NSEI,25198.69922
9/5/2024,^NSEI,25145.09961
9/6/2024,^NSEI,24852.15039
9/9/2024,^NSEI,24936.40039
9/10/2024,^NSEI,25041.09961
9/11/2024,^NSEI,24918.44922
9/12/2024,^NSEI,25388.90039
9/13/2024,^NSEI,25356.5
9/16/2024,^NSEI,25383.75
9/17/2024,^NSEI,25418.55078
9/18/2024,^NSEI,25377.55078
9/19/2024,^NSEI,25415.80078
9/20/2024,^NSEI,25790.94922
9/23/2024,^NSEI,25939.05078
9/24/2024,^NSEI,25940.40039
9/25/2024,^NSEI,26004.15039
9/26/2024,^NSEI,26216.05078
9/27/2024,^NSEI,26178.94922
9/30/2024,^NSEI,25810.84961
10/1/2024,^NSEI,25796.90039
10/3/2024,^NSEI,25250.09961
10/4/2024,^NSEI,25014.59961
10/7/2024,^NSEI,24795.75
10/8/2024,^NSEI,25013.15039
10/9/2024,^NSEI,24981.94922
10/10/2024,^NSEI,24998.44922
10/11/2024,^NSEI,24964.25
10/14/2024,^NSEI,25127.94922
10/15/2024,^NSEI,25057.34961
10/16/2024,^NSEI,24971.30078
10/17/2024,^NSEI,24749.84961
10/18/2024,^NSEI,24854.05078
10/21/2024,^NSEI,24781.09961
10/22/2024,^NSEI,24472.09961
10/23/2024,^NSEI,24435.5
10/24/2024,^NSEI,24399.40039
10/25/2024,^NSEI,24180.80078
10/28/2024,^NSEI,24339.15039
10/29/2024,^NSEI,24466.84961
10/30/2024,^NSEI,24340.84961
10/31/2024,^NSEI,24205.34961
11/1/2024,^NSEI,24304.34961
11/4/2024,^NSEI,23995.34961
11/5/2024,^NSEI,24213.30078
11/6/2024,^NSEI,24484.05078
11/7/2024,^NSEI,24199.34961
11/8/2024,^NSEI,24148.19922
11/11/2024,^NSEI,24141.30078
11/12/2024,^NSEI,23883.44922
11/13/2024,^NSEI,23559.05078
11/14/2024,^NSEI,23532.69922
11/18/2024,^NSEI,23453.80078
11/19/2024,^NSEI,23518.5
11/21/2024,^NSEI,23349.90039
11/22/2024,^NSEI,23907.25
11/25/2024,^NSEI,24221.90039
11/26/2024,^NSEI,24194.5
11/27/2024,^NSEI,24274.90039
11/28/2024,^NSEI,23914.15039
11/29/2024,^NSEI,24131.09961
12/2/2024,^NSEI,24276.05078
12/3/2024,^NSEI,24457.15039
12/4/2024,^NSEI,24467.44922
12/5/2024,^NSEI,24708.40039
12/6/2024,^NSEI,24677.80078
12/9/2024,^NSEI,24619
12/10/2024,^NSEI,24610.05078
12/11/2024,^NSEI,24641.80078
12/12/2024,^NSEI,24548.69922
12/13/2024,^NSEI,24768.30078
12/16/2024,^NSEI,24668.25
12/17/2024,^NSEI,24336
12/18/2024,^NSEI,24198.84961
12/19/2024,^NSEI,23951.69922
12/20/2024,^NSEI,23587.5
12/23/2024,^NSEI,23753.44922
12/24/2024,^NSEI,23727.65039
12/26/2024,^NSEI,23750.19922
12/27/2024,^NSEI,23813.40039
12/30/2024,^NSEI,23644.90039
12/31/2024,^NSEI,23644.80078
1/1/2025,^NSEI,23742.90039
1/2/2025,^NSEI,24188.65039
1/3/2025,^NSEI,24004.75
1/6/2025,^NSEI,23616.05078
1/7/2025,^NSEI,23707.90039
1/8/2025,^NSEI,23688.94922
1/9/2025,^NSEI,23526.5
1/10/2025,^NSEI,23431.5
1/13/2025,^NSEI,23085.94922
1/14/2025,^NSEI,23176.05078
1/15/2025,^NSEI,23213.19922
1/16/2025,^NSEI,23311.80078
1/17/2025,^NSEI,23203.19922
1/20/2025,^NSEI,23344.75
1/21/2025,^NSEI,23024.65039
1/22/2025,^NSEI,23155.34961
1/23/2025,^NSEI,23205.34961
1/24/2025,^NSEI,23092.19922
1/27/2025,^NSEI,22829.15039
1/28/2025,^NSEI,22957.25
1/29/2025,^NSEI,23163.09961
1/30/2025,^NSEI,23249.5
1/31/2025,^NSEI,23508.40039
2/1/2025,^NSEI,23482.15039
2/3/2025,^NSEI,23361.05078
2/4/2025,^NSEI,23739.25
2/5/2025,^NSEI,23696.30078
2/6/2025,^NSEI,23603.34961
2/7/2025,^NSEI,23559.94922
2/10/2025,^NSEI,23381.59961
2/11/2025,^NSEI,23071.80078
2/12/2025,^NSEI,23045.25
2/13/2025,^NSEI,23031.40039
2/14/2025,^NSEI,22929.25
2/17/2025,^NSEI,22959.5
2/18/2025,^NSEI,22945.30078
2/19/2025,^NSEI,22932.90039
2/20/2025,^NSEI,22913.15039
2/21/2025,^NSEI,22795.90039
2/24/2025,^NSEI,22553.34961
2/25/2025,^NSEI,22547.55078
2/27/2025,^NSEI,22545.05078
2/28/2025,^NSEI,22124.69922
3/3/2025,^NSEI,22119.30078
3/4/2025,^NSEI,22082.65039
3/5/2025,^NSEI,22337.30078
3/6/2025,^NSEI,22544.69922
3/7/2025,^NSEI,22552.5
3/10/2025,^NSEI,22460.30078
3/11/2025,^NSEI,22497.90039
3/12/2025,^NSEI,22470.5
3/13/2025,^NSEI,22397.19922
3/17/2025,^NSEI,22508.75
3/18/2025,^NSEI,22834.30078
3/19/2025,^NSEI,22907.59961
3/20/2025,^NSEI,23190.65039
3/21/2025,^NSEI,23350.40039
3/24/2025,^NSEI,23658.34961
3/25/2025,^NSEI,23668.65039
3/26/2025,^NSEI,23486.84961
3/27/2025,^NSEI,23591.94922
3/28/2025,^NSEI,23519.34961
4/1/2025,^NSEI,23165.69922
4/2/2025,^NSEI,23332.34961
4/3/2025,^NSEI,23250.09961
4/4/2025,^NSEI,22904.44922
4/7/2025,^NSEI,22161.59961
4/8/2025,^NSEI,22535.84961
4/9/2025,^NSEI,22399.15039
4/11/2025,^NSEI,22828.55078
4/15/2025,^NSEI,23328.55078
4/16/2025,^NSEI,23437.19922
4/17/2025,^NSEI,23851.65039
4/21/2025,^NSEI,24125.55078
4/22/2025,^NSEI,24167.25
4/23/2025,^NSEI,24328.94922
4/24/2025,^NSEI,24246.69922
4/25/2025,^NSEI,24039.34961
4/28/2025,^NSEI,24328.5
4/29/2025,^NSEI,24335.94922
4/30/2025,^NSEI,24334.19922
5/2/2025,^NSEI,24346.69922
5/5/2025,^NSEI,24461.15039
5/6/2025,^NSEI,24379.59961
5/7/2025,^NSEI,24414.40039
5/8/2025,^NSEI,24273.80078
5/9/2025,^NSEI,24008
5/12/2025,^NSEI,24924.69922
5/13/2025,^NSEI,24578.34961
5/14/2025,^NSEI,24666.90039
5/15/2025,^NSEI,25062.09961
5/16/2025,^NSEI,25019.80078
5/19/2025,^NSEI,24945.44922
5/20/2025,^NSEI,24683.90039
5/21/2025,^NSEI,24813.44922
5/22/2025,^NSEI,24609.69922
5/23/2025,^NSEI,24853.15039
5/26/2025,^NSEI,25001.15039
5/27/2025,^NSEI,24826.19922
5/28/2025,^NSEI,24752.44922
5/29/2025,^NSEI,24833.59961
5/30/2025,^NSEI,24750.69922
6/2/2025,^NSEI,24716.59961
6/3/2025,^NSEI,24542.5
6/4/2025,^NSEI,24620.19922
6/5/2025,^NSEI,24750.90039
6/6/2025,^NSEI,25003.05078
6/9/2025,^NSEI,25103.19922
6/10/2025,^NSEI,25104.25
6/11/2025,^NSEI,25141.40039
6/12/2025,^NSEI,24888.19922
6/13/2025,^NSEI,24718.59961
6/16/2025,^NSEI,24946.5
6/17/2025,^NSEI,24853.40039
6/18/2025,^NSEI,24812.05078
6/19/2025,^NSEI,24793.25
6/20/2025,^NSEI,25112.40039
6/23/2025,^NSEI,24971.90039
6/24/2025,^NSEI,25044.34961
6/25/2025,^NSEI,25244.75
6/26/2025,^NSEI,25549
6/27/2025,^NSEI,25637.80078
6/30/2025,^NSEI,25517.05078
7/1/2025,^NSEI,25541.80078
7/2/2025,^NSEI,25453.40039
7/3/2025,^NSEI,25405.30078
7/4/2025,^NSEI,25461
7/7/2025,^NSEI,25461.30078
7/8/2025,^NSEI,25522.5
7/9/2025,^NSEI,25476.09961
7/10/2025,^NSEI,25355.25
7/11/2025,^NSEI,25149.84961
7/14/2025,^NSEI,25082.30078
7/15/2025,^NSEI,25195.80078
7/16/2025,^NSEI,25212.05078
7/17/2025,^NSEI,25111.44922
7/18/2025,^NSEI,24968.40039
7/21/2025,^NSEI,25090.69922
7/22/2025,^NSEI,25060.90039
7/23/2025,^NSEI,25219.90039
7/24/2025,^NSEI,25062.09961
7/25/2025,^NSEI,24837
7/28/2025,^NSEI,24680.90039
7/29/2025,^NSEI,24821.09961
7/30/2025,^NSEI,24855.05078
7/31/2025,^NSEI,24768.34961
8/1/2025,^NSEI,24565.34961
8/4/2025,^NSEI,24722.75
8/5/2025,^NSEI,24649.55078
8/6/2025,^NSEI,24574.19922
8/7/2025,^NSEI,24596.15039
8/8/2025,^NSEI,24363.30078
8/11/2025,^NSEI,24585.05078
8/12/2025,^NSEI,24487.40039
8/13/2025,^NSEI,24619.34961
8/14/2025,^NSEI,24631.30078
8/18/2025,^NSEI,24876.94922
8/19/2025,^NSEI,24980.65039
8/20/2025,^NSEI,25050.55078
8/21/2025,^NSEI,25083.75
8/22/2025,^NSEI,24870.09961
8/25/2025,^NSEI,24967.75
8/26/2025,^NSEI,24712.05078
8/28/2025,^NSEI,24500.90039
8/29/2025,^NSEI,24426.84961
9/1/2025,^NSEI,24625.05078
9/2/2025,^NSEI,24579.59961
9/3/2025,^NSEI,24715.05078
9/4/2025,^NSEI,24734.30078
9/5/2025,^NSEI,24741
9/8/2025,^NSEI,24773.15039
9/9/2025,^NSEI,24868.59961
9/10/2025,^NSEI,24973.09961
9/11/2025,^NSEI,25005.5
9/12/2025,^NSEI,25114
9/15/2025,^NSEI,25069.19922
9/16/2025,^NSEI,25239.09961
9/17/2025,^NSEI,25330.25
9/18/2025,^NSEI,25423.59961
9/19/2025,^NSEI,25327.05078
9/22/2025,^NSEI,25202.34961
9/23/2025,^NSEI,25169.5
9/24/2025,^NSEI,25056.90039
9/25/2025,^NSEI,24890.84961
9/26/2025,^NSEI,24654.69922
9/29/2025,^NSEI,24634.90039
9/30/2025,^NSEI,24611.09961
10/1/2025,^NSEI,24836.30078
10/3/2025,^NSEI,24894.25
10/6/2025,^NSEI,25077.65039
10/7/2025,^NSEI,25108.30078
10/8/2025,^NSEI,25046.15039
10/9/2025,^NSEI,25181.80078
10/10/2025,^NSEI,25285.34961
10/13/2025,^NSEI,25227.34961
10/14/2025,^NSEI,25145.5
10/15/2025,^NSEI,25323.55078
10/16/2025,^NSEI,25585.30078
10/17/2025,^NSEI,25709.84961
10/20/2025,^NSEI,25843.15039
10/21/2025,^NSEI,25868.59961
10/23/2025,^NSEI,25891.40039
10/24/2025,^NSEI,25795.15039
10/27/2025,^NSEI,25966.05078
10/28/2025,^NSEI,25936.19922
10/29/2025,^NSEI,26053.90039
10/30/2025,^NSEI,25877.84961
10/31/2025,^NSEI,25722.09961
11/3/2025,^NSEI,25763.34961
11/4/2025,^NSEI,25597.65039
11/6/2025,^NSEI,25509.69922
11/7/2025,^NSEI,25492.30078
11/10/2025,^NSEI,25574.34961
11/11/2025,^NSEI,25694.94922
11/12/2025,^NSEI,25875.80078
11/13/2025,^NSEI,25879.15039
11/14/2025,^NSEI,25910.05078
11/17/2025,^NSEI,26013.44922
11/18/2025,^NSEI,25910.05078
11/19/2025,^NSEI,26052.65039
11/20/2025,^NSEI,26192.15039
11/21/2025,^NSEI,26068.15039
11/24/2025,^NSEI,25959.5
11/25/2025,^NSEI,25884.80078
11/26/2025,^NSEI,26205.30078
11/27/2025,^NSEI,26215.55078
11/28/2025,^NSEI,26202.94922
12/1/2025,^NSEI,26175.75
12/2/2025,^NSEI,26032.19922
12/3/2025,^NSEI,25986
12/4/2025,^NSEI,26033.75
12/5/2025,^NSEI,26186.44922
12/8/2025,^NSEI,25960.55078
12/9/2025,^NSEI,25839.65039
12/10/2025,^NSEI,25758
12/11/2025,^NSEI,25898.55078
12/12/2025,^NSEI,26046.94922
12/15/2025,^NSEI,26027.30078
12/16/2025,^NSEI,25860.09961
12/17/2025,^NSEI,25818.55078
12/18/2025,^NSEI,25815.55078
12/19/2025,^NSEI,25966.40039
12/22/2025,^NSEI,26172.40039
12/23/2025,^NSEI,26177.15039
12/24/2025,^NSEI,26142.09961
12/26/2025,^NSEI,26042.30078
12/29/2025,^NSEI,25942.09961
12/30/2025,^NSEI,25938.84961
12/31/2025,^NSEI,26129.59961
1/1/2026,^NSEI,26146.55078
1/2/2026,^NSEI,26328.55078
1/5/2026,^NSEI,26250.30078
1/6/2026,^NSEI,26178.69922
1/7/2026,^NSEI,26140.75
1/8/2026,^NSEI,25876.84961
1/9/2026,^NSEI,25683.30078
1/12/2026,^NSEI,25790.25
1/13/2026,^NSEI,25732.30078
1/14/2026,^NSEI,25665.59961
1/16/2026,^NSEI,25694.34961
1/19/2026,^NSEI,25585.5
1/20/2026,^NSEI,25232.5
1/21/2026,^NSEI,25157.5
1/22/2026,^NSEI,25289.90039
1/23/2026,^NSEI,25048.65039
1/27/2026,^NSEI,25175.40039
1/28/2026,^NSEI,25342.75
1/29/2026,^NSEI,25418.90039
1/30/2026,^NSEI,25320.65039
